INSERT INTO users (id, email, first_name, last_name, password, phone_number, points, username)
VALUES
    (1, 'admin@test.com', 'Admin', 'Adminov', 'a88d78aa482512691254a2177fc435ac9d6f6a62a7d12da7fcf2560f9333c5a36c859249a9fd5ea3a551b9f0cc3430af', '0899445566', 0, 'admin4eto'),
    (2, 'user@test.com', 'User', 'Userov', '65596bc1a3e2e3060b10064988170d2733b914e0d1bfcacaa46f5584a3489eee71d0aeaa383817575431e81a5308a234', '0899443322', 0, 'user4eto');

-- admin4eto (admin1234)
-- user4eto (user1234)

INSERT INTO roles (`id`, `role`)
VALUES
    (1, 'ADMIN'),
    (2, 'USER');

INSERT INTO users_roles(`user_id`, `role_id`)
VALUES
    (1, 1),
    (1, 2),
    (2, 2);

insert into tags(`id`, `category`, `gender`, `style`)
values
    (1, 'JACKET', 'Male', 'CASUAL'),
    (2, 'T_SHIRT', 'Male', 'CASUAL'),
    (3, 'JACKET', 'Male', 'OFFICIAL'),
    (4, 'T_SHIRT', 'Male', 'OVERSIZE'),
    (5, 'JEANS', 'Male', 'CASUAL'),
	(6, 'JEANS', 'Male', 'OFFICIAL'),
    (7, 'SHIRT', 'Male', 'OFFICIAL'),
    (8, 'SHIRT', 'Male', 'CASUAL'),
    (9, 'T_SHIRT', 'Male', 'OFFICIAL');

INSERT INTO `wardrobe_shop_database`.`products` (`id`, `description`, `first_img_url`, `min_price`, `name`, `price`, `product_number`, `quantity`, `second_img_url`, `size`, `third_img_url`, `tag_id`)
VALUES
    ('1', 'grdedge', '/images/products/jackets/Calvin_Klein_Jeans_black_1.png', '54.99', 'Calvin Klein Black Jacket', '74.99', '1111', '12', '/images/products/jackets/Calvin_Klein_Jeans_black_2.png', 'S', '/images/products/jackets/Calvin_Klein_Jeans_black_3.png', '1'),
       ('2', 'grdedge', '/images/products/jackets/Calvin_Klein_Jeans_black_1.png', '54.99', 'Calvin Klein Black Jacket', '74.99', '1111', '20', '/images/products/jackets/Calvin_Klein_Jeans_black_2.png', 'M', '/images/products/jackets/Calvin_Klein_Jeans_black_3.png', '1'),
       ('3', 'grdedge', '/images/products/jackets/Calvin_Klein_Jeans_black_1.png', '54.99', 'Calvin Klein Black Jacket', '74.99', '1111', '16', '/images/products/jackets/Calvin_Klein_Jeans_black_2.png', 'L', '/images/products/jackets/Calvin_Klein_Jeans_black_3.png', '1'),
       ('4', 'grdedge', '/images/products/jackets/Calvin_Klein_Jeans_black_1.png', '54.99', 'Calvin Klein Black Jacket', '74.99', '1111', '27', '/images/products/jackets/Calvin_Klein_Jeans_black_2.png', 'XL', '/images/products/jackets/Calvin_Klein_Jeans_black_3.png', '1'),
       ('5', 'SADSADSADe', '/images/products/jackets/Calvin_Klein_Jeans_green_1.png', '44.99', 'Calvin Klein Green Jacket', '69.99', '1112', '30', '/images/products/jackets/Calvin_Klein_Jeans_green_2.png', 'S', '/images/products/jackets/Calvin_Klein_Jeans_green_3.png', '1'),
       ('6', 'SADSADSADe', '/images/products/jackets/Calvin_Klein_Jeans_green_1.png', '44.99', 'Calvin Klein Green Jacket', '69.99', '1112', '22', '/images/products/jackets/Calvin_Klein_Jeans_green_2.png', 'M', '/images/products/jackets/Calvin_Klein_Jeans_green_3.png', '1'),
       ('7', 'SADSADSADe', '/images/products/jackets/Calvin_Klein_Jeans_green_1.png', '44.99', 'Calvin Klein Green Jacket', '69.99', '1112', '25', '/images/products/jackets/Calvin_Klein_Jeans_green_2.png', 'L', '/images/products/jackets/Calvin_Klein_Jeans_green_3.png', '1'),
       ('8', 'SADSADSADe', '/images/products/jackets/Calvin_Klein_Jeans_green_1.png', '44.99', 'Calvin Klein Green Jacket', '69.99', '1112', '28', '/images/products/jackets/Calvin_Klein_Jeans_green_2.png', 'XL', '/images/products/jackets/Calvin_Klein_Jeans_green_3.png', '1'),
       ('9', 'sdkahsjdhks', '/images/products/jackets/The_North_Face_black_1.png', '279.99', 'The North Face Black Jacket', '339.99', '1113', '24', '/images/products/jackets/The_North_Face_black_2.png', 'S', '/images/products/jackets/The_North_Face_black_3.png', '1'),
       ('10', 'sdkahsjdhks', '/images/products/jackets/The_North_Face_black_1.png', '279.99', 'The North Face Black Jacket', '339.99', '1113', '18', '/images/products/jackets/The_North_Face_black_2.png', 'M', '/images/products/jackets/The_North_Face_black_3.png', '1'),
       ('11', 'sdkahsjdhks', '/images/products/jackets/The_North_Face_black_1.png', '279.99', 'The North Face Black Jacket', '339.99', '1113', '23', '/images/products/jackets/The_North_Face_black_2.png', 'L', '/images/products/jackets/The_North_Face_black_3.png', '1'),
       ('12', 'sdkahsjdhks', '/images/products/jackets/The_North_Face_black_1.png', '279.99', 'The North Face Black Jacket', '339.99', '1113', '26', '/images/products/jackets/The_North_Face_black_2.png', 'XL', '/images/products/jackets/The_North_Face_black_3.png', '1'),
       ('13', 'psodpkfgkfj', '/images/products/jackets/The_North_Face_blue_1.png', '279.99', 'The North Face Blue Jacket', '339.99', '1114', '13', '/images/products/jackets/The_North_Face_blue_2.png', 'S', '/images/products/jackets/The_North_Face_blue_3.png', '1'),
       ('14', 'psodpkfgkfj', '/images/products/jackets/The_North_Face_blue_1.png', '279.99', 'The North Face Blue Jacket', '339.99', '1114', '17', '/images/products/jackets/The_North_Face_blue_2.png', 'M', '/images/products/jackets/The_North_Face_blue_3.png', '1'),
       ('15', 'psodpkfgkfj', '/images/products/jackets/The_North_Face_blue_1.png', '279.99', 'The North Face Blue Jacket', '339.99', '1114', '21', '/images/products/jackets/The_North_Face_blue_2.png', 'L', '/images/products/jackets/The_North_Face_blue_3.png', '1'),
       ('16', 'psodpkfgkfj', '/images/products/jackets/The_North_Face_blue_1.png', '279.99', 'The North Face Blue Jacket', '339.99', '1114', '21', '/images/products/jackets/The_North_Face_blue_2.png', 'XL', '/images/products/jackets/The_North_Face_blue_3.png', '1'),
       ('17', 'asdsfjdfjd', '/images/products/jackets/Tommy_Hilfiger_beige_1.png', '149.99', 'Tommy Hilfiger Beige Jacket', '229.99', '1115', '19', '/images/products/jackets/Tommy_Hilfiger_beige_2.png', 'S', '/images/products/jackets/Tommy_Hilfiger_beige_3.png', '3'),
       ('18', 'asdsfjdfjd', '/images/products/jackets/Tommy_Hilfiger_beige_1.png', '149.99', 'Tommy Hilfiger Beige Jacket', '229.99', '1115', '15', '/images/products/jackets/Tommy_Hilfiger_beige_2.png', 'M', '/images/products/jackets/Tommy_Hilfiger_beige_3.png', '3'),
       ('19', 'asdsfjdfjd', '/images/products/jackets/Tommy_Hilfiger_beige_1.png', '149.99', 'Tommy Hilfiger Beige Jacket', '229.99', '1115', '21', '/images/products/jackets/Tommy_Hilfiger_beige_2.png', 'L', '/images/products/jackets/Tommy_Hilfiger_beige_3.png', '3'),
       ('20', 'asdsfjdfjd', '/images/products/jackets/Tommy_Hilfiger_beige_1.png', '149.99', 'Tommy Hilfiger Beige Jacket', '229.99', '1115', '22', '/images/products/jackets/Tommy_Hilfiger_beige_2.png', 'XL', '/images/products/jackets/Tommy_Hilfiger_beige_3.png', '3'),
       ('21', 'jhfdjhfjdhf', '/images/products/jackets/Tommy_Hilfiger_black_1.png', '149.99', 'Tommy Hilfiger Black Jacket', '229.99', '1116', '11', '/images/products/jackets/Tommy_Hilfiger_black_2.png', 'S', '/images/products/jackets/Tommy_Hilfiger_black_3.png', '3'),
       ('22', 'jhfdjhfjdhf', '/images/products/jackets/Tommy_Hilfiger_black_1.png', '149.99', 'Tommy Hilfiger Black Jacket', '229.99', '1116', '17', '/images/products/jackets/Tommy_Hilfiger_black_2.png', 'M', '/images/products/jackets/Tommy_Hilfiger_black_3.png', '3'),
       ('23', 'jhfdjhfjdhf', '/images/products/jackets/Tommy_Hilfiger_black_1.png', '149.99', 'Tommy Hilfiger Black Jacket', '229.99', '1116', '20', '/images/products/jackets/Tommy_Hilfiger_black_2.png', 'L', '/images/products/jackets/Tommy_Hilfiger_black_3.png', '3'),
       ('24', 'jhfdjhfjdhf', '/images/products/jackets/Tommy_Hilfiger_black_1.png', '149.99', 'Tommy Hilfiger Black Jacket', '229.99', '1116', '18', '/images/products/jackets/Tommy_Hilfiger_black_2.png', 'XL', '/images/products/jackets/Tommy_Hilfiger_black_3.png', '3'),
       ('25', 'jkskdhsjhdd', '/images/products/jackets/Tommy_Hilfiger_black_red_1.png', '139.99', 'Tommy Hilfiger Red Jacket', '209.99', '1117', '26', '/images/products/jackets/Tommy_Hilfiger_black_red_2.png', 'S', '/images/products/jackets/Tommy_Hilfiger_black_red_3.png', '3'),
       ('26', 'jkskdhsjhdd', '/images/products/jackets/Tommy_Hilfiger_black_red_1.png', '139.99', 'Tommy Hilfiger Red Jacket', '209.99', '1117', '18', '/images/products/jackets/Tommy_Hilfiger_black_red_2.png', 'M', '/images/products/jackets/Tommy_Hilfiger_black_red_3.png', '3'),
       ('27', 'jkskdhsjhdd', '/images/products/jackets/Tommy_Hilfiger_black_red_1.png', '139.99', 'Tommy Hilfiger Red Jacket', '209.99', '1117', '24', '/images/products/jackets/Tommy_Hilfiger_black_red_2.png', 'L', '/images/products/jackets/Tommy_Hilfiger_black_red_3.png', '3'),
       ('28', 'jkskdhsjhdd', '/images/products/jackets/Tommy_Hilfiger_black_red_1.png', '139.99', 'Tommy Hilfiger Red Jacket', '209.99', '1117', '22', '/images/products/jackets/Tommy_Hilfiger_black_red_2.png', 'XL', '/images/products/jackets/Tommy_Hilfiger_black_red_3.png', '3'),
       ('29', 'klokokdnssdsds', '/images/products/jackets/Tommy_Hilfiger_black_winter_1.png', '129.99', 'Tommy Hilfiger Black Winter Jacket', '199.99', '1118', '13', '/images/products/jackets/Tommy_Hilfiger_black_winter_2.png', 'S', '/images/products/jackets/Tommy_Hilfiger_black_winter_3.png', '1'),
       ('30', 'klokokdnssdsds', '/images/products/jackets/Tommy_Hilfiger_black_winter_1.png', '129.99', 'Tommy Hilfiger Black Winter Jacket', '199.99', '1118', '16', '/images/products/jackets/Tommy_Hilfiger_black_winter_2.png', 'M', '/images/products/jackets/Tommy_Hilfiger_black_winter_3.png', '1'),
       ('31', 'klokokdnssdsds', '/images/products/jackets/Tommy_Hilfiger_black_winter_1.png', '129.99', 'Tommy Hilfiger Black Winter Jacket', '199.99', '1118', '17', '/images/products/jackets/Tommy_Hilfiger_black_winter_2.png', 'L', '/images/products/jackets/Tommy_Hilfiger_black_winter_3.png', '1'),
       ('32', 'klokokdnssdsds', '/images/products/jackets/Tommy_Hilfiger_black_winter_1.png', '129.99', 'Tommy Hilfiger Black Winter Jacket', '199.99', '1118', '21', '/images/products/jackets/Tommy_Hilfiger_black_winter_2.png', 'XL', '/images/products/jackets/Tommy_Hilfiger_black_winter_3.png', '1'),
       ('33', 'bnosmodsasd', "/images/products/jeans/Colin's_grey_1.png", '69.99', "Collin's Grey Jeans", '94.99', '1119', '15', "/images/products/jeans/Colin's_grey_2.png", 'S', "/images/products/jeans/Colin's_grey_3.png", '5'),
       ('34', 'bnosmodsasd', "/images/products/jeans/Colin's_grey_1.png", '69.99', "Collin's Grey Jeans", '94.99', '1119', '12', "/images/products/jeans/Colin's_grey_2.png", 'M', "/images/products/jeans/Colin's_grey_3.png", '5'),
       ('35', 'bnosmodsasd', "/images/products/jeans/Colin's_grey_1.png", '69.99', "Collin's Grey Jeans", '94.99', '1119', '17', "/images/products/jeans/Colin's_grey_2.png", 'L', "/images/products/jeans/Colin's_grey_3.png", '5'),
       ('36', 'bnosmodsasd', "/images/products/jeans/Colin's_grey_1.png", '69.99', "Collin's Grey Jeans", '94.99', '1119', '19', "/images/products/jeans/Colin's_grey_2.png", 'XL', "/images/products/jeans/Colin's_grey_3.png", '5'),
       ('37', 'ohsodhsodhso', "/images/products/jeans/Diesel_blue_1.png", '49.99', "Diesel Blue Jeans", '69.99', '1120', '14', "/images/products/jeans/Diesel_blue_2.png", 'S', "/images/products/jeans/Diesel_blue_3.png", '5'),
       ('38', 'ohsodhsodhso', "/images/products/jeans/Diesel_blue_1.png", '49.99', "Diesel Blue Jeans", '69.99', '1120', '10', "/images/products/jeans/Diesel_blue_2.png", 'M', "/images/products/jeans/Diesel_blue_3.png", '5'),
       ('39', 'ohsodhsodhso', "/images/products/jeans/Diesel_blue_1.png", '49.99', "Diesel Blue Jeans", '69.99', '1120', '16', "/images/products/jeans/Diesel_blue_2.png", 'L', "/images/products/jeans/Diesel_blue_3.png", '5'),
       ('40', 'ohsodhsodhso', "/images/products/jeans/Diesel_blue_1.png", '49.99', "Diesel Blue Jeans", '69.99', '1120', '21', "/images/products/jeans/Diesel_blue_2.png", 'XL', "/images/products/jeans/Diesel_blue_3.png", '5'),
       ('41', 'fdofjdofdofjd', "/images/products/jeans/Kotton_light_grey_1.png", '49.99', "Koton Light Grey Jeans", '64.99', '1121', '9', "/images/products/jeans/Kotton_light_grey_2.png", 'S', "/images/products/jeans/Kotton_light_grey_3.png", '5'),
       ('42', 'fdofjdofdofjd', "/images/products/jeans/Kotton_light_grey_1.png", '49.99', "Koton Light Grey Jeans", '64.99', '1121', '5', "/images/products/jeans/Kotton_light_grey_2.png", 'M', "/images/products/jeans/Kotton_light_grey_3.png", '5'),
       ('43', 'fdofjdofdofjd', "/images/products/jeans/Kotton_light_grey_1.png", '49.99', "Koton Light Grey Jeans", '64.99', '1121', '13', "/images/products/jeans/Kotton_light_grey_2.png", 'L', "/images/products/jeans/Kotton_light_grey_3.png", '5'),
       ('44', 'fdofjdofdofjd', "/images/products/jeans/Kotton_light_grey_1.png", '49.99', "Koton Light Grey Jeans", '64.99', '1121', '16', "/images/products/jeans/Kotton_light_grey_2.png", 'XL', "/images/products/jeans/Kotton_light_grey_3.png", '5'),
       ('45', 'sdsdsadwdsdasd', "/images/products/jeans/Tommy_jeans_black_1.png", '89.99', "Tommy Jeans - Black", '119.99', '1122', '11', "/images/products/jeans/Tommy_jeans_black_2.png", 'S', "/images/products/jeans/Tommy_jeans_black_3.png", '6'),
       ('46', 'sdsdsadwdsdasd', "/images/products/jeans/Tommy_jeans_black_1.png", '89.99', "Tommy Jeans - Black", '119.99', '1122', '10', "/images/products/jeans/Tommy_jeans_black_2.png", 'M', "/images/products/jeans/Tommy_jeans_black_3.png", '6'),
       ('47', 'sdsdsadwdsdasd', "/images/products/jeans/Tommy_jeans_black_1.png", '89.99', "Tommy Jeans - Black", '119.99', '1122', '15', "/images/products/jeans/Tommy_jeans_black_2.png", 'L', "/images/products/jeans/Tommy_jeans_black_3.png", '6'),
       ('48', 'sdsdsadwdsdasd', "/images/products/jeans/Tommy_jeans_black_1.png", '89.99', "Tommy Jeans - Black", '119.99', '1122', '18', "/images/products/jeans/Tommy_jeans_black_2.png", 'XL', "/images/products/jeans/Tommy_jeans_black_3.png", '6'),
       ('49', 'vkoksonsdjnisia', "/images/products/shirts/Calvin_Klein_1.png", '84.99', "Calvin Klein White Shirt", '104.99', '1123', '4', "/images/products/shirts/Calvin_Klein_2.png", 'S', "/images/products/shirts/Calvin_Klein_3.png", '7'),
       ('50', 'vkoksonsdjnisia', "/images/products/shirts/Calvin_Klein_1.png", '84.99', "Calvin Klein White Shirt", '104.99', '1123', '9', "/images/products/shirts/Calvin_Klein_2.png", 'M', "/images/products/shirts/Calvin_Klein_3.png", '7'),
       ('51', 'vkoksonsdjnisia', "/images/products/shirts/Calvin_Klein_1.png", '84.99', "Calvin Klein White Shirt", '104.99', '1123', '11', "/images/products/shirts/Calvin_Klein_2.png", 'L', "/images/products/shirts/Calvin_Klein_3.png", '7'),
       ('52', 'vkoksonsdjnisia', "/images/products/shirts/Calvin_Klein_1.png", '84.99', "Calvin Klein White Shirt", '104.99', '1123', '13', "/images/products/shirts/Calvin_Klein_2.png", 'XL', "/images/products/shirts/Calvin_Klein_3.png", '7'),
       ('53', 'weklwkemslkdm', "/images/products/shirts/LC_waikiki_1.png", '49.99', "LC wailkiki White Shirt", '59.99', '1124', '9', "/images/products/shirts/LC_waikiki_2.png", 'S', "", '8'),
       ('54', 'weklwkemslkdm', "/images/products/shirts/LC_waikiki_1.png", '49.99', "LC wailkiki White Shirt", '59.99', '1124', '8', "/images/products/shirts/LC_waikiki_2.png", 'M', "", '8'),
       ('55', 'weklwkemslkdm', "/images/products/shirts/LC_waikiki_1.png", '49.99', "LC wailkiki White Shirt", '59.99', '1124', '13', "/images/products/shirts/LC_waikiki_2.png", 'L', "", '8'),
       ('56', 'weklwkemslkdm', "/images/products/shirts/LC_waikiki_1.png", '49.99', "LC wailkiki White Shirt", '59.99', '1124', '12', "/images/products/shirts/LC_waikiki_2.png", 'XL', "", '8'),
       ('57', 'qwesdsfdfds', "/images/products/shirts/Tommy_Hilfiger_oxford_dark_1.png", '89.99', "Tommy Hilfiger Oxford Dark Shirt", '119.99', '1125', '9', "/images/products/shirts/Tommy_Hilfiger_oxford_dark_2.png", 'S', "/images/products/shirts/Tommy_Hilfiger_oxford_dark_3.png", '7'),
       ('58', 'qwesdsfdfds', "/images/products/shirts/Tommy_Hilfiger_oxford_dark_1.png", '89.99', "Tommy Hilfiger Oxford Dark Shirt", '119.99', '1125', '12', "/images/products/shirts/Tommy_Hilfiger_oxford_dark_2.png", 'M', "/images/products/shirts/Tommy_Hilfiger_oxford_dark_3.png", '7'),
       ('59', 'qwesdsfdfds', "/images/products/shirts/Tommy_Hilfiger_oxford_dark_1.png", '89.99', "Tommy Hilfiger Oxford Dark Shirt", '119.99', '1125', '10', "/images/products/shirts/Tommy_Hilfiger_oxford_dark_2.png", 'L', "/images/products/shirts/Tommy_Hilfiger_oxford_dark_3.png", '7'),
       ('60', 'qwesdsfdfds', "/images/products/shirts/Tommy_Hilfiger_oxford_dark_1.png", '89.99', "Tommy Hilfiger Oxford Dark Shirt", '119.99', '1125', '15', "/images/products/shirts/Tommy_Hilfiger_oxford_dark_2.png", 'XL', "/images/products/shirts/Tommy_Hilfiger_oxford_dark_3.png", '7'),
       ('61', 'hkskdjksjds', "/images/products/shirts/Tommy_Hilfiger_oxford_light_1.png", '89.99', "Tommy Hilfiger Oxford Light Shirt", '119.99', '1126', '8', "/images/products/shirts/Tommy_Hilfiger_oxford_light_2.png", 'S', "/images/products/shirts/Tommy_Hilfiger_oxford_light_3.png", '7'),
       ('62', 'hkskdjksjds', "/images/products/shirts/Tommy_Hilfiger_oxford_light_1.png", '89.99', "Tommy Hilfiger Oxford Light Shirt", '119.99', '1126', '10', "/images/products/shirts/Tommy_Hilfiger_oxford_light_2.png", 'M', "/images/products/shirts/Tommy_Hilfiger_oxford_light_3.png", '7'),
       ('63', 'hkskdjksjds', "/images/products/shirts/Tommy_Hilfiger_oxford_light_1.png", '89.99', "Tommy Hilfiger Oxford Light Shirt", '119.99', '1126', '9', "/images/products/shirts/Tommy_Hilfiger_oxford_light_2.png", 'L', "/images/products/shirts/Tommy_Hilfiger_oxford_light_3.png", '7'),
       ('64', 'hkskdjksjds', "/images/products/shirts/Tommy_Hilfiger_oxford_light_1.png", '89.99', "Tommy Hilfiger Oxford Light Shirt", '119.99', '1126', '12', "/images/products/shirts/Tommy_Hilfiger_oxford_light_2.png", 'XL', "/images/products/shirts/Tommy_Hilfiger_oxford_light_3.png", '7'),
       ('65', 'cnsksdjskdj', "/images/products/T-shirts/LC_waikiki_qka_black_1.png", '34.99', "LC waikiki Black T-Shirt with collar", '44.99', '1127', '15', "/images/products/T-shirts/LC_waikiki_qka_black_2.png", 'S', "", '2'),
       ('66', 'cnsksdjskdj', "/images/products/T-shirts/LC_waikiki_qka_black_1.png", '34.99', "LC waikiki Black T-Shirt with collar", '44.99', '1127', '12', "/images/products/T-shirts/LC_waikiki_qka_black_2.png", 'M', "", '2'),
       ('67', 'cnsksdjskdj', "/images/products/T-shirts/LC_waikiki_qka_black_1.png", '34.99', "LC waikiki Black T-Shirt with collar", '44.99', '1127', '16', "/images/products/T-shirts/LC_waikiki_qka_black_2.png", 'L', "", '2'),
       ('68', 'cnsksdjskdj', "/images/products/T-shirts/LC_waikiki_qka_black_1.png", '34.99', "LC waikiki Black T-Shirt with collar", '44.99', '1127', '18', "/images/products/T-shirts/LC_waikiki_qka_black_2.png", 'XL', "", '2'),
       ('69', 'gfjkljdkjs', "/images/products/T-shirts/LC_waikiki_round_blue_1.png", '29.99', "LC waikiki Blue T-Shirt", '34.99', '1128', '12', "/images/products/T-shirts/LC_waikiki_round_blue_2.png", 'S', "", '4'),
       ('70', 'gfjkljdkjs', "/images/products/T-shirts/LC_waikiki_round_blue_1.png", '29.99', "LC waikiki Blue T-Shirt", '34.99', '1128', '11', "/images/products/T-shirts/LC_waikiki_round_blue_2.png", 'M', "", '4'),
       ('71', 'gfjkljdkjs', "/images/products/T-shirts/LC_waikiki_round_blue_1.png", '29.99', "LC waikiki Blue T-Shirt", '34.99', '1128', '11', "/images/products/T-shirts/LC_waikiki_round_blue_2.png", 'L', "", '4'),
       ('72', 'gfjkljdkjs', "/images/products/T-shirts/LC_waikiki_round_blue_1.png", '29.99', "LC waikiki Blue T-Shirt", '34.99', '1128', '16', "/images/products/T-shirts/LC_waikiki_round_blue_2.png", 'XL', "", '4'),
       ('73', 'bkofkgofg', "/images/products/T-shirts/LC_waikiki_round_green_1.png", '29.99', "LC waikiki Green T-Shirt", '34.99', '1129', '11', "/images/products/T-shirts/LC_waikiki_round_green_2.png", 'S', "", '4'),
       ('74', 'bkofkgofg', "/images/products/T-shirts/LC_waikiki_round_green_1.png", '29.99', "LC waikiki Green T-Shirt", '34.99', '1129', '10', "/images/products/T-shirts/LC_waikiki_round_green_2.png", 'M', "", '4'),
       ('75', 'bkofkgofg', "/images/products/T-shirts/LC_waikiki_round_green_1.png", '29.99', "LC waikiki Green T-Shirt", '34.99', '1129', '11', "/images/products/T-shirts/LC_waikiki_round_green_2.png", 'L', "", '4'),
       ('76', 'bkofkgofg', "/images/products/T-shirts/LC_waikiki_round_green_1.png", '29.99', "LC waikiki Green T-Shirt", '34.99', '1129', '16', "/images/products/T-shirts/LC_waikiki_round_green_2.png", 'XL', "", '4'),
       ('77', 'sdsadsdcdc', "/images/products/T-shirts/Nike_air_black_1.png", '39.99', "Nike Air Black T-Shirt", '54.99', '1130', '12', "/images/products/T-shirts/Nike_air_black_2.png", 'S', "", '2'),
       ('78', 'sdsadsdcdc', "/images/products/T-shirts/Nike_air_black_1.png", '39.99', "Nike Air Black T-Shirt", '54.99', '1130', '10', "/images/products/T-shirts/Nike_air_black_2.png", 'M', "", '2'),
       ('79', 'sdsadsdcdc', "/images/products/T-shirts/Nike_air_black_1.png", '39.99', "Nike Air Black T-Shirt", '54.99', '1130', '15', "/images/products/T-shirts/Nike_air_black_2.png", 'L', "", '2'),
       ('80', 'sdsadsdcdc', "/images/products/T-shirts/Nike_air_black_1.png", '39.99', "Nike Air Black T-Shirt", '54.99', '1130', '14', "/images/products/T-shirts/Nike_air_black_2.png", 'XL', "", '2'),
       ('81', 'kjsdskndd', "/images/products/T-shirts/Tommy_hilfiger_blue_1.png", '44.99', "Tommy Hilfiger Blue T-Shirt", '59.99', '1131', '8', "/images/products/T-shirts/Tommy_hilfiger_blue_2.png", 'S', "/images/products/T-shirts/Tommy_hilfiger_blue_3.png", '9'),
       ('82', 'kjsdskndd', "/images/products/T-shirts/Tommy_hilfiger_blue_1.png", '44.99', "Tommy Hilfiger Blue T-Shirt", '59.99', '1131', '9', "/images/products/T-shirts/Tommy_hilfiger_blue_2.png", 'M', "/images/products/T-shirts/Tommy_hilfiger_blue_3.png", '9'),
       ('83', 'kjsdskndd', "/images/products/T-shirts/Tommy_hilfiger_blue_1.png", '44.99', "Tommy Hilfiger Blue T-Shirt", '59.99', '1131', '12', "/images/products/T-shirts/Tommy_hilfiger_blue_2.png", 'L', "/images/products/T-shirts/Tommy_hilfiger_blue_3.png", '9'),
       ('84', 'kjsdskndd', "/images/products/T-shirts/Tommy_hilfiger_blue_1.png", '44.99', "Tommy Hilfiger Blue T-Shirt", '59.99', '1131', '15', "/images/products/T-shirts/Tommy_hilfiger_blue_2.png", 'XL', "/images/products/T-shirts/Tommy_hilfiger_blue_3.png", '9'),
       ('85', 'mlklskdslk', "/images/products/T-shirts/Tommy_hilfiger_red_1.png", '44.99', "Tommy Hilfiger Red T-Shirt", '59.99', '1132', '15', "/images/products/T-shirts/Tommy_hilfiger_red_2.png", 'S', "/images/products/T-shirts/Tommy_hilfiger_red_3.png", '9'),
       ('86', 'mlklskdslk', "/images/products/T-shirts/Tommy_hilfiger_red_1.png", '44.99', "Tommy Hilfiger Red T-Shirt", '59.99', '1132', '14', "/images/products/T-shirts/Tommy_hilfiger_red_2.png", 'M', "/images/products/T-shirts/Tommy_hilfiger_red_3.png", '9'),
       ('87', 'mlklskdslk', "/images/products/T-shirts/Tommy_hilfiger_red_1.png", '44.99', "Tommy Hilfiger Red T-Shirt", '59.99', '1132', '19', "/images/products/T-shirts/Tommy_hilfiger_red_2.png", 'L', "/images/products/T-shirts/Tommy_hilfiger_red_3.png", '9'),
       ('88', 'mlklskdslk', "/images/products/T-shirts/Tommy_hilfiger_red_1.png", '44.99', "Tommy Hilfiger Red T-Shirt", '59.99', '1132', '20', "/images/products/T-shirts/Tommy_hilfiger_red_2.png", 'XL', "/images/products/T-shirts/Tommy_hilfiger_red_3.png", '9'),
       ('89', 'posdpospd', "/images/products/T-shirts/Tommy_jeans_black_1.png", '24.99', "Tommy Jeans Black T-Shirt", '35.99', '1133', '15', "/images/products/T-shirts/Tommy_jeans_black_2.png", 'S', "/images/products/T-shirts/Tommy_jeans_black_3.png", '2'),
       ('90', 'posdpospd', "/images/products/T-shirts/Tommy_jeans_black_1.png", '24.99', "Tommy Jeans Black T-Shirt", '35.99', '1133', '16', "/images/products/T-shirts/Tommy_jeans_black_2.png", 'M', "/images/products/T-shirts/Tommy_jeans_black_3.png", '2'),
       ('91', 'posdpospd', "/images/products/T-shirts/Tommy_jeans_black_1.png", '24.99', "Tommy Jeans Black T-Shirt", '35.99', '1133', '19', "/images/products/T-shirts/Tommy_jeans_black_2.png", 'L', "/images/products/T-shirts/Tommy_jeans_black_3.png", '2'),
       ('92', 'posdpospd', "/images/products/T-shirts/Tommy_jeans_black_1.png", '24.99', "Tommy Jeans Black T-Shirt", '35.99', '1133', '22', "/images/products/T-shirts/Tommy_jeans_black_2.png", 'XL', "/images/products/T-shirts/Tommy_jeans_black_3.png", '2'),
       ('93', 'xkosdsjds', "/images/products/T-shirts/Tommy_jeans_white_1.png", '24.99', "Tommy Jeans White T-Shirt", '35.99', '1134', '17', "/images/products/T-shirts/Tommy_jeans_white_2.png", 'S', "/images/products/T-shirts/Tommy_jeans_white_3.png", '2'),
       ('94', 'xkosdsjds', "/images/products/T-shirts/Tommy_jeans_white_1.png", '24.99', "Tommy Jeans White T-Shirt", '35.99', '1134', '19', "/images/products/T-shirts/Tommy_jeans_white_2.png", 'M', "/images/products/T-shirts/Tommy_jeans_white_3.png", '2'),
       ('95', 'xkosdsjds', "/images/products/T-shirts/Tommy_jeans_white_1.png", '24.99', "Tommy Jeans White T-Shirt", '35.99', '1134', '17', "/images/products/T-shirts/Tommy_jeans_white_2.png", 'L', "/images/products/T-shirts/Tommy_jeans_white_3.png", '2'),
       ('96', 'xkosdsjds', "/images/products/T-shirts/Tommy_jeans_white_1.png", '24.99', "Tommy Jeans White T-Shirt", '35.99', '1134', '20', "/images/products/T-shirts/Tommy_jeans_white_2.png", 'XL', "/images/products/T-shirts/Tommy_jeans_white_3.png", '2');
