INSERT INTO users (id, email, first_name, last_name, password, phone_number, points, username)
VALUES
    (1, 'admin@test.com', 'Admin', 'Adminov', 'a88d78aa482512691254a2177fc435ac9d6f6a62a7d12da7fcf2560f9333c5a36c859249a9fd5ea3a551b9f0cc3430af', '0899445566', 0, 'admin4eto'),
    (2, 'user@test.com', 'User', 'Userov', '65596bc1a3e2e3060b10064988170d2733b914e0d1bfcacaa46f5584a3489eee71d0aeaa383817575431e81a5308a234', '0899443322', 0, 'user4eto');

-- admin4eto (admin1234)
-- user4eto (user1234)

INSERT INTO roles (`id`, `role`)
VALUES
    (1, 'ADMIN'),
    (2, 'USER');

INSERT INTO users_roles(`user_id`, `role_id`)
VALUES
    (1, 1),
    (1, 2),
    (2, 2);

insert into orders(`id`, `status`, `user_id`)
VALUES
    (1, 'CART', 1),
    (2, 'CART', 2);

insert into tags(`id`, `category`, `gender`, `style`)
values
    (1, 'JACKET', 'Male', 'CASUAL'),
    (2, 'T_SHIRT', 'Male', 'CASUAL'),
    (3, 'JACKET', 'Male', 'OFFICIAL'),
    (4, 'T_SHIRT', 'Male', 'OVERSIZE'),
    (5, 'JEANS', 'Male', 'CASUAL'),
	(6, 'JEANS', 'Male', 'OFFICIAL'),
    (7, 'SHIRT', 'Male', 'OFFICIAL'),
    (8, 'SHIRT', 'Male', 'CASUAL'),
    (9, 'T_SHIRT', 'Male', 'OFFICIAL');

insert into tags(`id`, `category`, `gender`, `style`)
values
    (10, 'JACKET', 'Female', 'CASUAL'),
    (11, 'T_SHIRT', 'Female', 'CASUAL'),
    (12, 'JACKET', 'Female', 'OVERSIZE'),
    (13, 'T_SHIRT', 'Female', 'OVERSIZE'),
    (14, 'JEANS', 'Female', 'CASUAL'),
    (15, 'JEANS', 'Female', 'OFFICIAL'),
    (16, 'SHIRT', 'Female', 'OFFICIAL'),
    (17, 'SHIRT', 'Female', 'CASUAL'),
    (18, 'T_SHIRT', 'Female', 'OFFICIAL'),
    (19, 'JEANS', 'Female', 'OVERSIZE');

INSERT INTO `wardrobe_shop_database`.`products` (`id`, `description`, `first_img_url`, `min_price`, `name`, `price`, `product_number`, `quantity`, `second_img_url`, `size`, `third_img_url`, `tag_id`)
VALUES
       ('1', 'grdedge', '/images/products/jackets/Calvin_Klein_Jeans_black_1.png', '54.99', 'Calvin Klein Black Jacket', '74.99', '1111', '12', '/images/products/jackets/Calvin_Klein_Jeans_black_2.png', 'S', '/images/products/jackets/Calvin_Klein_Jeans_black_3.png', '1'),
       ('2', 'grdedge', '/images/products/jackets/Calvin_Klein_Jeans_black_1.png', '54.99', 'Calvin Klein Black Jacket', '74.99', '1111', '20', '/images/products/jackets/Calvin_Klein_Jeans_black_2.png', 'M', '/images/products/jackets/Calvin_Klein_Jeans_black_3.png', '1'),
       ('3', 'grdedge', '/images/products/jackets/Calvin_Klein_Jeans_black_1.png', '54.99', 'Calvin Klein Black Jacket', '74.99', '1111', '16', '/images/products/jackets/Calvin_Klein_Jeans_black_2.png', 'L', '/images/products/jackets/Calvin_Klein_Jeans_black_3.png', '1'),
       ('4', 'grdedge', '/images/products/jackets/Calvin_Klein_Jeans_black_1.png', '54.99', 'Calvin Klein Black Jacket', '74.99', '1111', '27', '/images/products/jackets/Calvin_Klein_Jeans_black_2.png', 'XL', '/images/products/jackets/Calvin_Klein_Jeans_black_3.png', '1'),
       ('5', 'SADSADSADe', '/images/products/jackets/Calvin_Klein_Jeans_green_1.png', '44.99', 'Calvin Klein Green Jacket', '69.99', '1112', '30', '/images/products/jackets/Calvin_Klein_Jeans_green_2.png', 'S', '/images/products/jackets/Calvin_Klein_Jeans_green_3.png', '1'),
       ('6', 'SADSADSADe', '/images/products/jackets/Calvin_Klein_Jeans_green_1.png', '44.99', 'Calvin Klein Green Jacket', '69.99', '1112', '22', '/images/products/jackets/Calvin_Klein_Jeans_green_2.png', 'M', '/images/products/jackets/Calvin_Klein_Jeans_green_3.png', '1'),
       ('7', 'SADSADSADe', '/images/products/jackets/Calvin_Klein_Jeans_green_1.png', '44.99', 'Calvin Klein Green Jacket', '69.99', '1112', '25', '/images/products/jackets/Calvin_Klein_Jeans_green_2.png', 'L', '/images/products/jackets/Calvin_Klein_Jeans_green_3.png', '1'),
       ('8', 'SADSADSADe', '/images/products/jackets/Calvin_Klein_Jeans_green_1.png', '44.99', 'Calvin Klein Green Jacket', '69.99', '1112', '28', '/images/products/jackets/Calvin_Klein_Jeans_green_2.png', 'XL', '/images/products/jackets/Calvin_Klein_Jeans_green_3.png', '1'),
       ('9', 'sdkahsjdhks', '/images/products/jackets/The_North_Face_black_1.png', '279.99', 'The North Face Black Jacket', '339.99', '1113', '24', '/images/products/jackets/The_North_Face_black_2.png', 'S', '/images/products/jackets/The_North_Face_black_3.png', '1'),
       ('10', 'sdkahsjdhks', '/images/products/jackets/The_North_Face_black_1.png', '279.99', 'The North Face Black Jacket', '339.99', '1113', '18', '/images/products/jackets/The_North_Face_black_2.png', 'M', '/images/products/jackets/The_North_Face_black_3.png', '1'),
       ('11', 'sdkahsjdhks', '/images/products/jackets/The_North_Face_black_1.png', '279.99', 'The North Face Black Jacket', '339.99', '1113', '23', '/images/products/jackets/The_North_Face_black_2.png', 'L', '/images/products/jackets/The_North_Face_black_3.png', '1'),
       ('12', 'sdkahsjdhks', '/images/products/jackets/The_North_Face_black_1.png', '279.99', 'The North Face Black Jacket', '339.99', '1113', '26', '/images/products/jackets/The_North_Face_black_2.png', 'XL', '/images/products/jackets/The_North_Face_black_3.png', '1'),
       ('13', 'psodpkfgkfj', '/images/products/jackets/The_North_Face_blue_1.png', '279.99', 'The North Face Blue Jacket', '339.99', '1114', '13', '/images/products/jackets/The_North_Face_blue_2.png', 'S', '/images/products/jackets/The_North_Face_blue_3.png', '1'),
       ('14', 'psodpkfgkfj', '/images/products/jackets/The_North_Face_blue_1.png', '279.99', 'The North Face Blue Jacket', '339.99', '1114', '17', '/images/products/jackets/The_North_Face_blue_2.png', 'M', '/images/products/jackets/The_North_Face_blue_3.png', '1'),
       ('15', 'psodpkfgkfj', '/images/products/jackets/The_North_Face_blue_1.png', '279.99', 'The North Face Blue Jacket', '339.99', '1114', '21', '/images/products/jackets/The_North_Face_blue_2.png', 'L', '/images/products/jackets/The_North_Face_blue_3.png', '1'),
       ('16', 'psodpkfgkfj', '/images/products/jackets/The_North_Face_blue_1.png', '279.99', 'The North Face Blue Jacket', '339.99', '1114', '21', '/images/products/jackets/The_North_Face_blue_2.png', 'XL', '/images/products/jackets/The_North_Face_blue_3.png', '1'),
       ('17', 'asdsfjdfjd', '/images/products/jackets/Tommy_Hilfiger_beige_1.png', '149.99', 'Tommy Hilfiger Beige Jacket', '229.99', '1115', '19', '/images/products/jackets/Tommy_Hilfiger_beige_2.png', 'S', '/images/products/jackets/Tommy_Hilfiger_beige_3.png', '3'),
       ('18', 'asdsfjdfjd', '/images/products/jackets/Tommy_Hilfiger_beige_1.png', '149.99', 'Tommy Hilfiger Beige Jacket', '229.99', '1115', '15', '/images/products/jackets/Tommy_Hilfiger_beige_2.png', 'M', '/images/products/jackets/Tommy_Hilfiger_beige_3.png', '3'),
       ('19', 'asdsfjdfjd', '/images/products/jackets/Tommy_Hilfiger_beige_1.png', '149.99', 'Tommy Hilfiger Beige Jacket', '229.99', '1115', '21', '/images/products/jackets/Tommy_Hilfiger_beige_2.png', 'L', '/images/products/jackets/Tommy_Hilfiger_beige_3.png', '3'),
       ('20', 'asdsfjdfjd', '/images/products/jackets/Tommy_Hilfiger_beige_1.png', '149.99', 'Tommy Hilfiger Beige Jacket', '229.99', '1115', '22', '/images/products/jackets/Tommy_Hilfiger_beige_2.png', 'XL', '/images/products/jackets/Tommy_Hilfiger_beige_3.png', '3'),
       ('21', 'jhfdjhfjdhf', '/images/products/jackets/Tommy_Hilfiger_black_1.png', '149.99', 'Tommy Hilfiger Black Jacket', '229.99', '1116', '11', '/images/products/jackets/Tommy_Hilfiger_black_2.png', 'S', '/images/products/jackets/Tommy_Hilfiger_black_3.png', '3'),
       ('22', 'jhfdjhfjdhf', '/images/products/jackets/Tommy_Hilfiger_black_1.png', '149.99', 'Tommy Hilfiger Black Jacket', '229.99', '1116', '17', '/images/products/jackets/Tommy_Hilfiger_black_2.png', 'M', '/images/products/jackets/Tommy_Hilfiger_black_3.png', '3'),
       ('23', 'jhfdjhfjdhf', '/images/products/jackets/Tommy_Hilfiger_black_1.png', '149.99', 'Tommy Hilfiger Black Jacket', '229.99', '1116', '20', '/images/products/jackets/Tommy_Hilfiger_black_2.png', 'L', '/images/products/jackets/Tommy_Hilfiger_black_3.png', '3'),
       ('24', 'jhfdjhfjdhf', '/images/products/jackets/Tommy_Hilfiger_black_1.png', '149.99', 'Tommy Hilfiger Black Jacket', '229.99', '1116', '18', '/images/products/jackets/Tommy_Hilfiger_black_2.png', 'XL', '/images/products/jackets/Tommy_Hilfiger_black_3.png', '3'),
       ('25', 'jkskdhsjhdd', '/images/products/jackets/Tommy_Hilfiger_black_red_1.png', '139.99', 'Tommy Hilfiger Red Jacket', '209.99', '1117', '26', '/images/products/jackets/Tommy_Hilfiger_black_red_2.png', 'S', '/images/products/jackets/Tommy_Hilfiger_black_red_3.png', '3'),
       ('26', 'jkskdhsjhdd', '/images/products/jackets/Tommy_Hilfiger_black_red_1.png', '139.99', 'Tommy Hilfiger Red Jacket', '209.99', '1117', '18', '/images/products/jackets/Tommy_Hilfiger_black_red_2.png', 'M', '/images/products/jackets/Tommy_Hilfiger_black_red_3.png', '3'),
       ('27', 'jkskdhsjhdd', '/images/products/jackets/Tommy_Hilfiger_black_red_1.png', '139.99', 'Tommy Hilfiger Red Jacket', '209.99', '1117', '24', '/images/products/jackets/Tommy_Hilfiger_black_red_2.png', 'L', '/images/products/jackets/Tommy_Hilfiger_black_red_3.png', '3'),
       ('28', 'jkskdhsjhdd', '/images/products/jackets/Tommy_Hilfiger_black_red_1.png', '139.99', 'Tommy Hilfiger Red Jacket', '209.99', '1117', '22', '/images/products/jackets/Tommy_Hilfiger_black_red_2.png', 'XL', '/images/products/jackets/Tommy_Hilfiger_black_red_3.png', '3'),
       ('29', 'klokokdnssdsds', '/images/products/jackets/Tommy_Hilfiger_black_winter_1.png', '129.99', 'Tommy Hilfiger Black Winter Jacket', '199.99', '1118', '13', '/images/products/jackets/Tommy_Hilfiger_black_winter_2.png', 'S', '/images/products/jackets/Tommy_Hilfiger_black_winter_3.png', '1'),
       ('30', 'klokokdnssdsds', '/images/products/jackets/Tommy_Hilfiger_black_winter_1.png', '129.99', 'Tommy Hilfiger Black Winter Jacket', '199.99', '1118', '16', '/images/products/jackets/Tommy_Hilfiger_black_winter_2.png', 'M', '/images/products/jackets/Tommy_Hilfiger_black_winter_3.png', '1'),
       ('31', 'klokokdnssdsds', '/images/products/jackets/Tommy_Hilfiger_black_winter_1.png', '129.99', 'Tommy Hilfiger Black Winter Jacket', '199.99', '1118', '17', '/images/products/jackets/Tommy_Hilfiger_black_winter_2.png', 'L', '/images/products/jackets/Tommy_Hilfiger_black_winter_3.png', '1'),
       ('32', 'klokokdnssdsds', '/images/products/jackets/Tommy_Hilfiger_black_winter_1.png', '129.99', 'Tommy Hilfiger Black Winter Jacket', '199.99', '1118', '21', '/images/products/jackets/Tommy_Hilfiger_black_winter_2.png', 'XL', '/images/products/jackets/Tommy_Hilfiger_black_winter_3.png', '1'),
       ('33', 'bnosmodsasd', "/images/products/jeans/Colin's_grey_1.png", '69.99', "Collin's Grey Jeans", '94.99', '1119', '15', "/images/products/jeans/Colin's_grey_2.png", 'S', "/images/products/jeans/Colin's_grey_3.png", '5'),
       ('34', 'bnosmodsasd', "/images/products/jeans/Colin's_grey_1.png", '69.99', "Collin's Grey Jeans", '94.99', '1119', '12', "/images/products/jeans/Colin's_grey_2.png", 'M', "/images/products/jeans/Colin's_grey_3.png", '5'),
       ('35', 'bnosmodsasd', "/images/products/jeans/Colin's_grey_1.png", '69.99', "Collin's Grey Jeans", '94.99', '1119', '17', "/images/products/jeans/Colin's_grey_2.png", 'L', "/images/products/jeans/Colin's_grey_3.png", '5'),
       ('36', 'bnosmodsasd', "/images/products/jeans/Colin's_grey_1.png", '69.99', "Collin's Grey Jeans", '94.99', '1119', '19', "/images/products/jeans/Colin's_grey_2.png", 'XL', "/images/products/jeans/Colin's_grey_3.png", '5'),
       ('37', 'ohsodhsodhso', "/images/products/jeans/Diesel_blue_1.png", '49.99', "Diesel Blue Jeans", '69.99', '1120', '14', "/images/products/jeans/Diesel_blue_2.png", 'S', "/images/products/jeans/Diesel_blue_3.png", '5'),
       ('38', 'ohsodhsodhso', "/images/products/jeans/Diesel_blue_1.png", '49.99', "Diesel Blue Jeans", '69.99', '1120', '10', "/images/products/jeans/Diesel_blue_2.png", 'M', "/images/products/jeans/Diesel_blue_3.png", '5'),
       ('39', 'ohsodhsodhso', "/images/products/jeans/Diesel_blue_1.png", '49.99', "Diesel Blue Jeans", '69.99', '1120', '16', "/images/products/jeans/Diesel_blue_2.png", 'L', "/images/products/jeans/Diesel_blue_3.png", '5'),
       ('40', 'ohsodhsodhso', "/images/products/jeans/Diesel_blue_1.png", '49.99', "Diesel Blue Jeans", '69.99', '1120', '21', "/images/products/jeans/Diesel_blue_2.png", 'XL', "/images/products/jeans/Diesel_blue_3.png", '5'),
       ('41', 'fdofjdofdofjd', "/images/products/jeans/Kotton_light_grey_1.png", '49.99', "Koton Light Grey Jeans", '64.99', '1121', '9', "/images/products/jeans/Kotton_light_grey_2.png", 'S', "/images/products/jeans/Kotton_light_grey_3.png", '5'),
       ('42', 'fdofjdofdofjd', "/images/products/jeans/Kotton_light_grey_1.png", '49.99', "Koton Light Grey Jeans", '64.99', '1121', '5', "/images/products/jeans/Kotton_light_grey_2.png", 'M', "/images/products/jeans/Kotton_light_grey_3.png", '5'),
       ('43', 'fdofjdofdofjd', "/images/products/jeans/Kotton_light_grey_1.png", '49.99', "Koton Light Grey Jeans", '64.99', '1121', '13', "/images/products/jeans/Kotton_light_grey_2.png", 'L', "/images/products/jeans/Kotton_light_grey_3.png", '5'),
       ('44', 'fdofjdofdofjd', "/images/products/jeans/Kotton_light_grey_1.png", '49.99', "Koton Light Grey Jeans", '64.99', '1121', '16', "/images/products/jeans/Kotton_light_grey_2.png", 'XL', "/images/products/jeans/Kotton_light_grey_3.png", '5'),
       ('45', 'sdsdsadwdsdasd', "/images/products/jeans/Tommy_jeans_black_1.png", '89.99', "Tommy Jeans - Black", '119.99', '1122', '11', "/images/products/jeans/Tommy_jeans_black_2.png", 'S', "/images/products/jeans/Tommy_jeans_black_3.png", '6'),
       ('46', 'sdsdsadwdsdasd', "/images/products/jeans/Tommy_jeans_black_1.png", '89.99', "Tommy Jeans - Black", '119.99', '1122', '10', "/images/products/jeans/Tommy_jeans_black_2.png", 'M', "/images/products/jeans/Tommy_jeans_black_3.png", '6'),
       ('47', 'sdsdsadwdsdasd', "/images/products/jeans/Tommy_jeans_black_1.png", '89.99', "Tommy Jeans - Black", '119.99', '1122', '15', "/images/products/jeans/Tommy_jeans_black_2.png", 'L', "/images/products/jeans/Tommy_jeans_black_3.png", '6'),
       ('48', 'sdsdsadwdsdasd', "/images/products/jeans/Tommy_jeans_black_1.png", '89.99', "Tommy Jeans - Black", '119.99', '1122', '18', "/images/products/jeans/Tommy_jeans_black_2.png", 'XL', "/images/products/jeans/Tommy_jeans_black_3.png", '6'),
       ('49', 'vkoksonsdjnisia', "/images/products/shirts/Calvin_Klein_1.png", '84.99', "Calvin Klein White Shirt", '104.99', '1123', '4', "/images/products/shirts/Calvin_Klein_2.png", 'S', "/images/products/shirts/Calvin_Klein_3.png", '7'),
       ('50', 'vkoksonsdjnisia', "/images/products/shirts/Calvin_Klein_1.png", '84.99', "Calvin Klein White Shirt", '104.99', '1123', '9', "/images/products/shirts/Calvin_Klein_2.png", 'M', "/images/products/shirts/Calvin_Klein_3.png", '7'),
       ('51', 'vkoksonsdjnisia', "/images/products/shirts/Calvin_Klein_1.png", '84.99', "Calvin Klein White Shirt", '104.99', '1123', '11', "/images/products/shirts/Calvin_Klein_2.png", 'L', "/images/products/shirts/Calvin_Klein_3.png", '7'),
       ('52', 'vkoksonsdjnisia', "/images/products/shirts/Calvin_Klein_1.png", '84.99', "Calvin Klein White Shirt", '104.99', '1123', '13', "/images/products/shirts/Calvin_Klein_2.png", 'XL', "/images/products/shirts/Calvin_Klein_3.png", '7'),
       ('53', 'weklwkemslkdm', "/images/products/shirts/LC_waikiki_1.png", '49.99', "LC wailkiki White Shirt", '59.99', '1124', '9', "/images/products/shirts/LC_waikiki_2.png", 'S', "", '8'),
       ('54', 'weklwkemslkdm', "/images/products/shirts/LC_waikiki_1.png", '49.99', "LC wailkiki White Shirt", '59.99', '1124', '8', "/images/products/shirts/LC_waikiki_2.png", 'M', "", '8'),
       ('55', 'weklwkemslkdm', "/images/products/shirts/LC_waikiki_1.png", '49.99', "LC wailkiki White Shirt", '59.99', '1124', '13', "/images/products/shirts/LC_waikiki_2.png", 'L', "", '8'),
       ('56', 'weklwkemslkdm', "/images/products/shirts/LC_waikiki_1.png", '49.99', "LC wailkiki White Shirt", '59.99', '1124', '12', "/images/products/shirts/LC_waikiki_2.png", 'XL', "", '8'),
       ('57', 'qwesdsfdfds', "/images/products/shirts/Tommy_Hilfiger_oxford_dark_1.png", '89.99', "Tommy Hilfiger Oxford Dark Shirt", '119.99', '1125', '9', "/images/products/shirts/Tommy_Hilfiger_oxford_dark_2.png", 'S', "/images/products/shirts/Tommy_Hilfiger_oxford_dark_3.png", '7'),
       ('58', 'qwesdsfdfds', "/images/products/shirts/Tommy_Hilfiger_oxford_dark_1.png", '89.99', "Tommy Hilfiger Oxford Dark Shirt", '119.99', '1125', '12', "/images/products/shirts/Tommy_Hilfiger_oxford_dark_2.png", 'M', "/images/products/shirts/Tommy_Hilfiger_oxford_dark_3.png", '7'),
       ('59', 'qwesdsfdfds', "/images/products/shirts/Tommy_Hilfiger_oxford_dark_1.png", '89.99', "Tommy Hilfiger Oxford Dark Shirt", '119.99', '1125', '10', "/images/products/shirts/Tommy_Hilfiger_oxford_dark_2.png", 'L', "/images/products/shirts/Tommy_Hilfiger_oxford_dark_3.png", '7'),
       ('60', 'qwesdsfdfds', "/images/products/shirts/Tommy_Hilfiger_oxford_dark_1.png", '89.99', "Tommy Hilfiger Oxford Dark Shirt", '119.99', '1125', '15', "/images/products/shirts/Tommy_Hilfiger_oxford_dark_2.png", 'XL', "/images/products/shirts/Tommy_Hilfiger_oxford_dark_3.png", '7'),
       ('61', 'hkskdjksjds', "/images/products/shirts/Tommy_Hilfiger_oxford_light_1.png", '89.99', "Tommy Hilfiger Oxford Light Shirt", '119.99', '1126', '8', "/images/products/shirts/Tommy_Hilfiger_oxford_light_2.png", 'S', "/images/products/shirts/Tommy_Hilfiger_oxford_light_3.png", '7'),
       ('62', 'hkskdjksjds', "/images/products/shirts/Tommy_Hilfiger_oxford_light_1.png", '89.99', "Tommy Hilfiger Oxford Light Shirt", '119.99', '1126', '10', "/images/products/shirts/Tommy_Hilfiger_oxford_light_2.png", 'M', "/images/products/shirts/Tommy_Hilfiger_oxford_light_3.png", '7'),
       ('63', 'hkskdjksjds', "/images/products/shirts/Tommy_Hilfiger_oxford_light_1.png", '89.99', "Tommy Hilfiger Oxford Light Shirt", '119.99', '1126', '9', "/images/products/shirts/Tommy_Hilfiger_oxford_light_2.png", 'L', "/images/products/shirts/Tommy_Hilfiger_oxford_light_3.png", '7'),
       ('64', 'hkskdjksjds', "/images/products/shirts/Tommy_Hilfiger_oxford_light_1.png", '89.99', "Tommy Hilfiger Oxford Light Shirt", '119.99', '1126', '12', "/images/products/shirts/Tommy_Hilfiger_oxford_light_2.png", 'XL', "/images/products/shirts/Tommy_Hilfiger_oxford_light_3.png", '7'),
       ('65', 'cnsksdjskdj', "/images/products/T-shirts/LC_waikiki_qka_black_1.png", '34.99', "LC waikiki Black T-Shirt with collar", '44.99', '1127', '15', "/images/products/T-shirts/LC_waikiki_qka_black_2.png", 'S', "", '2'),
       ('66', 'cnsksdjskdj', "/images/products/T-shirts/LC_waikiki_qka_black_1.png", '34.99', "LC waikiki Black T-Shirt with collar", '44.99', '1127', '12', "/images/products/T-shirts/LC_waikiki_qka_black_2.png", 'M', "", '2'),
       ('67', 'cnsksdjskdj', "/images/products/T-shirts/LC_waikiki_qka_black_1.png", '34.99', "LC waikiki Black T-Shirt with collar", '44.99', '1127', '16', "/images/products/T-shirts/LC_waikiki_qka_black_2.png", 'L', "", '2'),
       ('68', 'cnsksdjskdj', "/images/products/T-shirts/LC_waikiki_qka_black_1.png", '34.99', "LC waikiki Black T-Shirt with collar", '44.99', '1127', '18', "/images/products/T-shirts/LC_waikiki_qka_black_2.png", 'XL', "", '2'),
       ('69', 'gfjkljdkjs', "/images/products/T-shirts/LC_waikiki_round_blue_1.png", '29.99', "LC waikiki Blue T-Shirt", '34.99', '1128', '12', "/images/products/T-shirts/LC_waikiki_round_blue_2.png", 'S', "", '4'),
       ('70', 'gfjkljdkjs', "/images/products/T-shirts/LC_waikiki_round_blue_1.png", '29.99', "LC waikiki Blue T-Shirt", '34.99', '1128', '11', "/images/products/T-shirts/LC_waikiki_round_blue_2.png", 'M', "", '4'),
       ('71', 'gfjkljdkjs', "/images/products/T-shirts/LC_waikiki_round_blue_1.png", '29.99', "LC waikiki Blue T-Shirt", '34.99', '1128', '11', "/images/products/T-shirts/LC_waikiki_round_blue_2.png", 'L', "", '4'),
       ('72', 'gfjkljdkjs', "/images/products/T-shirts/LC_waikiki_round_blue_1.png", '29.99', "LC waikiki Blue T-Shirt", '34.99', '1128', '16', "/images/products/T-shirts/LC_waikiki_round_blue_2.png", 'XL', "", '4'),
       ('73', 'bkofkgofg', "/images/products/T-shirts/LC_waikiki_round_green_1.png", '29.99', "LC waikiki Green T-Shirt", '34.99', '1129', '11', "/images/products/T-shirts/LC_waikiki_round_green_2.png", 'S', "", '4'),
       ('74', 'bkofkgofg', "/images/products/T-shirts/LC_waikiki_round_green_1.png", '29.99', "LC waikiki Green T-Shirt", '34.99', '1129', '10', "/images/products/T-shirts/LC_waikiki_round_green_2.png", 'M', "", '4'),
       ('75', 'bkofkgofg', "/images/products/T-shirts/LC_waikiki_round_green_1.png", '29.99', "LC waikiki Green T-Shirt", '34.99', '1129', '11', "/images/products/T-shirts/LC_waikiki_round_green_2.png", 'L', "", '4'),
       ('76', 'bkofkgofg', "/images/products/T-shirts/LC_waikiki_round_green_1.png", '29.99', "LC waikiki Green T-Shirt", '34.99', '1129', '16', "/images/products/T-shirts/LC_waikiki_round_green_2.png", 'XL', "", '4'),
       ('77', 'sdsadsdcdc', "/images/products/T-shirts/Nike_air_black_1.png", '39.99', "Nike Air Black T-Shirt", '54.99', '1130', '12', "/images/products/T-shirts/Nike_air_black_2.png", 'S', "", '2'),
       ('78', 'sdsadsdcdc', "/images/products/T-shirts/Nike_air_black_1.png", '39.99', "Nike Air Black T-Shirt", '54.99', '1130', '10', "/images/products/T-shirts/Nike_air_black_2.png", 'M', "", '2'),
       ('79', 'sdsadsdcdc', "/images/products/T-shirts/Nike_air_black_1.png", '39.99', "Nike Air Black T-Shirt", '54.99', '1130', '15', "/images/products/T-shirts/Nike_air_black_2.png", 'L', "", '2'),
       ('80', 'sdsadsdcdc', "/images/products/T-shirts/Nike_air_black_1.png", '39.99', "Nike Air Black T-Shirt", '54.99', '1130', '14', "/images/products/T-shirts/Nike_air_black_2.png", 'XL', "", '2'),
       ('81', 'kjsdskndd', "/images/products/T-shirts/Tommy_hilfiger_blue_1.png", '44.99', "Tommy Hilfiger Blue T-Shirt", '59.99', '1131', '8', "/images/products/T-shirts/Tommy_hilfiger_blue_2.png", 'S', "/images/products/T-shirts/Tommy_hilfiger_blue_3.png", '9'),
       ('82', 'kjsdskndd', "/images/products/T-shirts/Tommy_hilfiger_blue_1.png", '44.99', "Tommy Hilfiger Blue T-Shirt", '59.99', '1131', '9', "/images/products/T-shirts/Tommy_hilfiger_blue_2.png", 'M', "/images/products/T-shirts/Tommy_hilfiger_blue_3.png", '9'),
       ('83', 'kjsdskndd', "/images/products/T-shirts/Tommy_hilfiger_blue_1.png", '44.99', "Tommy Hilfiger Blue T-Shirt", '59.99', '1131', '12', "/images/products/T-shirts/Tommy_hilfiger_blue_2.png", 'L', "/images/products/T-shirts/Tommy_hilfiger_blue_3.png", '9'),
       ('84', 'kjsdskndd', "/images/products/T-shirts/Tommy_hilfiger_blue_1.png", '44.99', "Tommy Hilfiger Blue T-Shirt", '59.99', '1131', '15', "/images/products/T-shirts/Tommy_hilfiger_blue_2.png", 'XL', "/images/products/T-shirts/Tommy_hilfiger_blue_3.png", '9'),
       ('85', 'mlklskdslk', "/images/products/T-shirts/Tommy_hilfiger_red_1.png", '44.99', "Tommy Hilfiger Red T-Shirt", '59.99', '1132', '15', "/images/products/T-shirts/Tommy_hilfiger_red_2.png", 'S', "/images/products/T-shirts/Tommy_hilfiger_red_3.png", '9'),
       ('86', 'mlklskdslk', "/images/products/T-shirts/Tommy_hilfiger_red_1.png", '44.99', "Tommy Hilfiger Red T-Shirt", '59.99', '1132', '14', "/images/products/T-shirts/Tommy_hilfiger_red_2.png", 'M', "/images/products/T-shirts/Tommy_hilfiger_red_3.png", '9'),
       ('87', 'mlklskdslk', "/images/products/T-shirts/Tommy_hilfiger_red_1.png", '44.99', "Tommy Hilfiger Red T-Shirt", '59.99', '1132', '19', "/images/products/T-shirts/Tommy_hilfiger_red_2.png", 'L', "/images/products/T-shirts/Tommy_hilfiger_red_3.png", '9'),
       ('88', 'mlklskdslk', "/images/products/T-shirts/Tommy_hilfiger_red_1.png", '44.99', "Tommy Hilfiger Red T-Shirt", '59.99', '1132', '20', "/images/products/T-shirts/Tommy_hilfiger_red_2.png", 'XL', "/images/products/T-shirts/Tommy_hilfiger_red_3.png", '9'),
       ('89', 'posdpospd', "/images/products/T-shirts/Tommy_jeans_black_1.png", '24.99', "Tommy Jeans Black T-Shirt", '35.99', '1133', '15', "/images/products/T-shirts/Tommy_jeans_black_2.png", 'S', "/images/products/T-shirts/Tommy_jeans_black_3.png", '2'),
       ('90', 'posdpospd', "/images/products/T-shirts/Tommy_jeans_black_1.png", '24.99', "Tommy Jeans Black T-Shirt", '35.99', '1133', '16', "/images/products/T-shirts/Tommy_jeans_black_2.png", 'M', "/images/products/T-shirts/Tommy_jeans_black_3.png", '2'),
       ('91', 'posdpospd', "/images/products/T-shirts/Tommy_jeans_black_1.png", '24.99', "Tommy Jeans Black T-Shirt", '35.99', '1133', '19', "/images/products/T-shirts/Tommy_jeans_black_2.png", 'L', "/images/products/T-shirts/Tommy_jeans_black_3.png", '2'),
       ('92', 'posdpospd', "/images/products/T-shirts/Tommy_jeans_black_1.png", '24.99', "Tommy Jeans Black T-Shirt", '35.99', '1133', '22', "/images/products/T-shirts/Tommy_jeans_black_2.png", 'XL', "/images/products/T-shirts/Tommy_jeans_black_3.png", '2'),
       ('93', 'xkosdsjds', "/images/products/T-shirts/Tommy_jeans_white_1.png", '24.99', "Tommy Jeans White T-Shirt", '35.99', '1134', '17', "/images/products/T-shirts/Tommy_jeans_white_2.png", 'S', "/images/products/T-shirts/Tommy_jeans_white_3.png", '2'),
       ('94', 'xkosdsjds', "/images/products/T-shirts/Tommy_jeans_white_1.png", '24.99', "Tommy Jeans White T-Shirt", '35.99', '1134', '19', "/images/products/T-shirts/Tommy_jeans_white_2.png", 'M', "/images/products/T-shirts/Tommy_jeans_white_3.png", '2'),
       ('95', 'xkosdsjds', "/images/products/T-shirts/Tommy_jeans_white_1.png", '24.99', "Tommy Jeans White T-Shirt", '35.99', '1134', '17', "/images/products/T-shirts/Tommy_jeans_white_2.png", 'L', "/images/products/T-shirts/Tommy_jeans_white_3.png", '2'),
       ('96', 'xkosdsjds', "/images/products/T-shirts/Tommy_jeans_white_1.png", '24.99', "Tommy Jeans White T-Shirt", '35.99', '1134', '20', "/images/products/T-shirts/Tommy_jeans_white_2.png", 'XL', "/images/products/T-shirts/Tommy_jeans_white_3.png", '2');

INSERT INTO `wardrobe_shop_database`.`products` (`id`, `description`, `first_img_url`, `min_price`, `name`, `price`, `product_number`, `quantity`, `second_img_url`, `size`, `third_img_url`, `tag_id`)
VALUES
    ('97', 'Stylish Calvin Klein black jacket perfect for cold weather.', '/images/products/jackets/Calvin_Klein_jacket_1.png', '120.00', 'Calvin Klein Black Jacket', '150.00', '1135', '15', '/images/products/jackets/Calvin_Klein_jacket_2.png', 'S', '/images/products/jackets/Calvin_Klein_jacket_3.png', '12'),
    ('98', 'Stylish Calvin Klein black jacket perfect for cold weather.', '/images/products/jackets/Calvin_Klein_jacket_1.png', '120.00', 'Calvin Klein Black Jacket', '150.00', '1135', '15', '/images/products/jackets/Calvin_Klein_jacket_2.png', 'M', '/images/products/jackets/Calvin_Klein_jacket_3.png', '12'),
    ('99', 'Stylish Calvin Klein black jacket perfect for cold weather.', '/images/products/jackets/Calvin_Klein_jacket_1.png', '120.00', 'Calvin Klein Black Jacket', '150.00', '1135', '15', '/images/products/jackets/Calvin_Klein_jacket_2.png', 'L', '/images/products/jackets/Calvin_Klein_jacket_3.png', '12'),
    ('100', 'Stylish Calvin Klein black jacket perfect for cold weather.', '/images/products/jackets/Calvin_Klein_jacket_1.png', '120.00', 'Calvin Klein Black Jacket', '150.00', '1135', '15', '/images/products/jackets/Calvin_Klein_jacket_2.png', 'XL', '/images/products/jackets/Calvin_Klein_jacket_3.png', '12'),
    ('101', 'Calvin Klein blue jeans jacket combines comfort with a casual style.', '/images/products/jackets/Calvin_Klein_Jeans_jacket_blue_1.png', '110.00', 'Calvin Klein Blue Jeans Jacket', '140.00', '1136', '15', '/images/products/jackets/Calvin_Klein_Jeans_jacket_blue_2.png', 'S', '/images/products/jackets/Calvin_Klein_Jeans_jacket_blue_3.png', '10'),
    ('102', 'Calvin Klein blue jeans jacket combines comfort with a casual style.', '/images/products/jackets/Calvin_Klein_Jeans_jacket_blue_1.png', '110.00', 'Calvin Klein Blue Jeans Jacket', '140.00', '1136', '15', '/images/products/jackets/Calvin_Klein_Jeans_jacket_blue_2.png', 'M', '/images/products/jackets/Calvin_Klein_Jeans_jacket_blue_3.png', '10'),
    ('103', 'Calvin Klein blue jeans jacket combines comfort with a casual style.', '/images/products/jackets/Calvin_Klein_Jeans_jacket_blue_1.png', '110.00', 'Calvin Klein Blue Jeans Jacket', '140.00', '1136', '15', '/images/products/jackets/Calvin_Klein_Jeans_jacket_blue_2.png', 'L', '/images/products/jackets/Calvin_Klein_Jeans_jacket_blue_3.png', '10'),
    ('104', 'Calvin Klein blue jeans jacket combines comfort with a casual style.', '/images/products/jackets/Calvin_Klein_Jeans_jacket_blue_1.png', '110.00', 'Calvin Klein Blue Jeans Jacket', '140.00', '1136', '15', '/images/products/jackets/Calvin_Klein_Jeans_jacket_blue_2.png', 'XL', '/images/products/jackets/Calvin_Klein_Jeans_jacket_blue_3.png', '10'),
    ('105', 'Trendy Guess denim jacket for a chic look.', '/images/products/jackets/Guess_Jacket_denim_1.png', '125.00', 'Guess Denim Jacket', '155.00', '1137', '20', '/images/products/jackets/Guess_Jacket_denim_2.png', 'S', '/images/products/jackets/Guess_Jacket_denim_3.png', '10'),
    ('106', 'Trendy Guess denim jacket for a chic look.', '/images/products/jackets/Guess_Jacket_denim_1.png', '125.00', 'Guess Denim Jacket', '155.00', '1137', '20', '/images/products/jackets/Guess_Jacket_denim_2.png', 'M', '/images/products/jackets/Guess_Jacket_denim_3.png', '10'),
    ('107', 'Trendy Guess denim jacket for a chic look.', '/images/products/jackets/Guess_Jacket_denim_1.png', '125.00', 'Guess Denim Jacket', '155.00', '1137', '20', '/images/products/jackets/Guess_Jacket_denim_2.png', 'L', '/images/products/jackets/Guess_Jacket_denim_3.png', '10'),
    ('108', 'Trendy Guess denim jacket for a chic look.', '/images/products/jackets/Guess_Jacket_denim_1.png', '125.00', 'Guess Denim Jacket', '155.00', '1137', '20', '/images/products/jackets/Guess_Jacket_denim_2.png', 'XL', '/images/products/jackets/Guess_Jacket_denim_3.png', '10'),
    ('109', 'Elegant Iulia Dima jacket for an edgy style.', '/images/products/jackets/Iulia_Dima_jacket_1.png', '135.00', 'Iulia Dima Jacket', '165.00', '1138', '15', '/images/products/jackets/Iulia_Dima_jacket_2.png', 'S', '/images/products/jackets/Iulia_Dima_jacket_3.png', '12'),
    ('110', 'Elegant Iulia Dima jacket for an edgy style.', '/images/products/jackets/Iulia_Dima_jacket_1.png', '135.00', 'Iulia Dima Jacket', '165.00', '1138', '15', '/images/products/jackets/Iulia_Dima_jacket_2.png', 'M', '/images/products/jackets/Iulia_Dima_jacket_3.png', '12'),
    ('111', 'Elegant Iulia Dima jacket for an edgy style.', '/images/products/jackets/Iulia_Dima_jacket_1.png', '135.00', 'Iulia Dima Jacket', '165.00', '1138', '15', '/images/products/jackets/Iulia_Dima_jacket_2.png', 'L', '/images/products/jackets/Iulia_Dima_jacket_3.png', '12'),
    ('112', 'Elegant Iulia Dima jacket for an edgy style.', '/images/products/jackets/Iulia_Dima_jacket_1.png', '135.00', 'Iulia Dima Jacket', '165.00', '1138', '15', '/images/products/jackets/Iulia_Dima_jacket_2.png', 'XL', '/images/products/jackets/Iulia_Dima_jacket_3.png', '12'),
    ('113', 'Oltre green jacket with a modern twist.', '/images/products/jackets/Oltre_jacket_green_1.png', '130.00', 'Oltre Green Jacket', '160.00', '1139', '15', '/images/products/jackets/Oltre_jacket_green_2.png', 'S', '', '10'),
    ('114', 'Oltre green jacket with a modern twist.', '/images/products/jackets/Oltre_jacket_green_1.png', '130.00', 'Oltre Green Jacket', '160.00', '1139', '15', '/images/products/jackets/Oltre_jacket_green_2.png', 'M', '', '10'),
    ('115', 'Oltre green jacket with a modern twist.', '/images/products/jackets/Oltre_jacket_green_1.png', '130.00', 'Oltre Green Jacket', '160.00', '1139', '15', '/images/products/jackets/Oltre_jacket_green_2.png', 'L', '', '10'),
    ('116', 'Oltre green jacket with a modern twist.', '/images/products/jackets/Oltre_jacket_green_1.png', '130.00', 'Oltre Green Jacket', '160.00', '1139', '15', '/images/products/jackets/Oltre_jacket_green_2.png', 'XL', '', '10'),
    ('117', 'The North Face long black jacket for maximum warmth.', '/images/products/jackets/The_North_Face_jacket_long_black_1.png', '200.00', 'The North Face Long Black Jacket', '230.00', '1140', '20', '/images/products/jackets/The_North_Face_jacket_long_black_2.png', 'S', '/images/products/jackets/The_North_Face_jacket_long_black_3.png', '12'),
    ('118', 'The North Face long black jacket for maximum warmth.', '/images/products/jackets/The_North_Face_jacket_long_black_1.png', '200.00', 'The North Face Long Black Jacket', '230.00', '1140', '20', '/images/products/jackets/The_North_Face_jacket_long_black_2.png', 'M', '/images/products/jackets/The_North_Face_jacket_long_black_3.png', '12'),
    ('119', 'The North Face long black jacket for maximum warmth.', '/images/products/jackets/The_North_Face_jacket_long_black_1.png', '200.00', 'The North Face Long Black Jacket', '230.00', '1140', '20', '/images/products/jackets/The_North_Face_jacket_long_black_2.png', 'L', '/images/products/jackets/The_North_Face_jacket_long_black_3.png', '12'),
    ('120', 'The North Face long black jacket for maximum warmth.', '/images/products/jackets/The_North_Face_jacket_long_black_1.png', '200.00', 'The North Face Long Black Jacket', '230.00', '1140', '20', '/images/products/jackets/The_North_Face_jacket_long_black_2.png', 'XL', '/images/products/jackets/The_North_Face_jacket_long_black_3.png', '12'),
    ('121', 'Sleek and comfortable The North Face white jacket.', '/images/products/jackets/The_North_Face_jacket_white_1.png', '190.00', 'The North Face White Jacket', '220.00', '1141', '20', '/images/products/jackets/The_North_Face_jacket_white_2.png', 'S', '/images/products/jackets/The_North_Face_jacket_white_3.png', '10'),
    ('122', 'Sleek and comfortable The North Face white jacket.', '/images/products/jackets/The_North_Face_jacket_white_1.png', '190.00', 'The North Face White Jacket', '220.00', '1141', '20', '/images/products/jackets/The_North_Face_jacket_white_2.png', 'M', '/images/products/jackets/The_North_Face_jacket_white_3.png', '10'),
    ('123', 'Sleek and comfortable The North Face white jacket.', '/images/products/jackets/The_North_Face_jacket_white_1.png', '190.00', 'The North Face White Jacket', '220.00', '1141', '20', '/images/products/jackets/The_North_Face_jacket_white_2.png', 'L', '/images/products/jackets/The_North_Face_jacket_white_3.png', '10'),
    ('124', 'Sleek and comfortable The North Face white jacket.', '/images/products/jackets/The_North_Face_jacket_white_1.png', '190.00', 'The North Face White Jacket', '220.00', '1141', '20', '/images/products/jackets/he_North_Face_jacket_white_2.png', 'XL', '/images/products/jackets/The_North_Face_jacket_white_3.png', '10'),
    ('125', 'Casual yet striking Tommy Jeans purple jacket.', '/images/products/jackets/Tommy_Jeans_jacket_purple_1.png', '150.00', 'Tommy Jeans Purple Jacket', '180.00', '1142', '20', '/images/products/jackets/Tommy_Jeans_jacket_purple_2.png', 'S', '/images/products/jackets/Tommy_Jeans_jacket_purple_3.png', '10'),
    ('126', 'Casual yet striking Tommy Jeans purple jacket.', '/images/products/jackets/Tommy_Jeans_jacket_purple_1.png', '150.00', 'Tommy Jeans Purple Jacket', '180.00', '1142', '20', '/images/products/jackets/Tommy_Jeans_jacket_purple_2.png', 'M', '/images/products/jackets/Tommy_Jeans_jacket_purple_3.png', '10'),
    ('127', 'Casual yet striking Tommy Jeans purple jacket.', '/images/products/jackets/Tommy_Jeans_jacket_purple_1.png', '150.00', 'Tommy Jeans Purple Jacket', '180.00', '1142', '20', '/images/products/jackets/Tommy_Jeans_jacket_purple_2.png', 'L', '/images/products/jackets/Tommy_Jeans_jacket_purple_3.png', '10'),
    ('128', 'Casual yet striking Tommy Jeans purple jacket.', '/images/products/jackets/Tommy_Jeans_jacket_purple_1.png', '150.00', 'Tommy Jeans Purple Jacket', '180.00', '1142', '20', '/images/products/jackets/Tommy_Jeans_jacket_purple_2.png', 'XL', '/images/products/jackets/Tommy_Jeans_jacket_purple_3.png', '10'),
    ('129', 'Versatile and chic Calvin Klein black jeans for women.', '/images/products/jeans/Calvin_Klein_jeans_black_women_1.png', '110.00', 'Calvin Klein Black Jeans', '140.00', '1143', '20', '/images/products/jeans/Calvin_Klein_jeans_black_women_2.png', 'S', '/images/products/jeans/Calvin_Klein_jeans_black_women_3.png', '14'),
    ('130', 'Versatile and chic Calvin Klein black jeans for women.', '/images/products/jeans/Calvin_Klein_jeans_black_women_1.png', '110.00', 'Calvin Klein Black Jeans', '140.00', '1143', '20', '/images/products/jeans/Calvin_Klein_jeans_black_women_2.png', 'M', '/images/products/jeans/Calvin_Klein_jeans_black_women_3.png', '14'),
    ('131', 'Versatile and chic Calvin Klein black jeans for women.', '/images/products/jeans/Calvin_Klein_jeans_black_women_1.png', '110.00', 'Calvin Klein Black Jeans', '140.00', '1143', '20', '/images/products/jeans/Calvin_Klein_jeans_black_women_2.png', 'L', '/images/products/jeans/Calvin_Klein_jeans_black_women_3.png', '14'),
    ('132', 'Versatile and chic Calvin Klein black jeans for women.', '/images/products/jeans/Calvin_Klein_jeans_black_women_1.png', '110.00', 'Calvin Klein Black Jeans', '140.00', '1143', '20', '/images/products/jeans/Calvin_Klein_jeans_black_women_2.png', 'XL', '/images/products/jeans/Calvin_Klein_jeans_black_women_3.png', '14'),
	('133', 'Contemporary Hugo beige jeans tailored for comfort.', '/images/products/jeans/Hugo_jeans_beige_1.png', '120.00', 'Hugo Beige Jeans', '150.00', '1144', '20', '/images/products/jeans/Hugo_jeans_beige_2.png', 'S', '/images/products/jeans/Hugo_jeans_beige_3.png', '19'),
    ('134', 'Contemporary Hugo beige jeans tailored for comfort.', '/images/products/jeans/Hugo_jeans_beige_1.png', '120.00', 'Hugo Beige Jeans', '150.00', '1144', '20', '/images/products/jeans/Hugo_jeans_beige_2.png', 'M', '/images/products/jeans/Hugo_jeans_beige_3.png', '19'),
    ('135', 'Contemporary Hugo beige jeans tailored for comfort.', '/images/products/jeans/Hugo_jeans_beige_1.png', '120.00', 'Hugo Beige Jeans', '150.00', '1144', '20', '/images/products/jeans/Hugo_jeans_beige_2.png', 'L', '/images/products/jeans/Hugo_jeans_beige_3.png', '19'),
    ('136', 'Contemporary Hugo beige jeans tailored for comfort.', '/images/products/jeans/Hugo_jeans_beige_1.png', '120.00', 'Hugo Beige Jeans', '150.00', '1144', '20', '/images/products/jeans/Hugo_jeans_beige_2.png', 'XL', '/images/products/jeans/Hugo_jeans_beige_3.png', '19'),
    ('137', 'Urban-style Koton green jeans with a casual flair.', '/images/products/jeans/Koton_jeans_green_1.png', '100.00', 'Koton Green Jeans', '130.00', '1145', '20', '/images/products/jeans/Koton_jeans_green_2.png', 'S', '/images/products/jeans/Koton_jeans_green_3.png', '19'),
    ('138', 'Urban-style Koton green jeans with a casual flair.', '/images/products/jeans/Koton_jeans_green_1.png', '100.00', 'Koton Green Jeans', '130.00', '1145', '20', '/images/products/jeans/Koton_jeans_green_2.png', 'M', '/images/products/jeans/Koton_jeans_green_3.png', '19'),
    ('139', 'Urban-style Koton green jeans with a casual flair.', '/images/products/jeans/Koton_jeans_green_1.png', '100.00', 'Koton Green Jeans', '130.00', '1145', '20', '/images/products/jeans/Koton_jeans_green_2.png', 'L', '/images/products/jeans/Koton_jeans_green_3.png', '19'),
    ('140', 'Urban-style Koton green jeans with a casual flair.', '/images/products/jeans/Koton_jeans_green_1.png', '100.00', 'Koton Green Jeans', '130.00', '1145', '20', '/images/products/jeans/Koton_jeans_green_2.png', 'XL', '/images/products/jeans/Koton_jeans_green_3.png', '19'),
    ('141', 'Sporty and sleek Puma tracksuit bottoms.', '/images/products/jeans/Puma_tracksuit_1.png', '90.00', 'Puma Tracksuit', '110.00', '1146', '20', '/images/products/jeans/Puma_tracksuit_2.png', 'S', '', '14'),
    ('142', 'Sporty and sleek Puma tracksuit bottoms.', '/images/products/jeans/Puma_tracksuit_1.png', '90.00', 'Puma Tracksuit', '110.00', '1146', '20', '/images/products/jeans/Puma_tracksuit_2.png', 'M', '', '14'),
    ('143', 'Sporty and sleek Puma tracksuit bottoms.', '/images/products/jeans/Puma_tracksuit_1.png', '90.00', 'Puma Tracksuit', '110.00', '1146', '20', '/images/products/jeans/Puma_tracksuit_2.png', 'L', '', '14'),
    ('144', 'Sporty and sleek Puma tracksuit bottoms.', '/images/products/jeans/Puma_tracksuit_1.png', '90.00', 'Puma Tracksuit', '110.00', '1146', '20', '/images/products/jeans/Puma_tracksuit_2.png', 'XL', '', '14'),
    ('145', 'Classic Tommy Hilfiger beige pants for a timeless look.', '/images/products/jeans/Tommy_Hilfiger_pants_beige_1.png', '130.00', 'Tommy Hilfiger Beige Pants', '160.00', '1147', '20', '/images/products/jeans/Tommy_Hilfiger_pants_beige_2.png', 'S', '/images/products/jeans/Tommy_Hilfiger_pants_beige_3.png', '15'),
    ('146', 'Classic Tommy Hilfiger beige pants for a timeless look.', '/images/products/jeans/Tommy_Hilfiger_pants_beige_1.png', '130.00', 'Tommy Hilfiger Beige Pants', '160.00', '1147', '20', '/images/products/jeans/Tommy_Hilfiger_pants_beige_2.png', 'M', '/images/products/jeans/Tommy_Hilfiger_pants_beige_3.png', '15'),
    ('147', 'Classic Tommy Hilfiger beige pants for a timeless look.', '/images/products/jeans/Tommy_Hilfiger_pants_beige_1.png', '130.00', 'Tommy Hilfiger Beige Pants', '160.00', '1147', '20', '/images/products/jeans/Tommy_Hilfiger_pants_beige_2.png', 'L', '/images/products/jeans/Tommy_Hilfiger_pants_beige_3.png', '15'),
    ('148', 'Classic Tommy Hilfiger beige pants for a timeless look.', '/images/products/jeans/Tommy_Hilfiger_pants_beige_1.png', '130.00', 'Tommy Hilfiger Beige Pants', '160.00', '1147', '20', '/images/products/jeans/Tommy_Hilfiger_pants_beige_2.png', 'XL', '/images/products/jeans/Tommy_Hilfiger_pants_beige_3.png', '15'),
    ('149', 'Elegant Koton white shirt with black ribbon detail.', '/images/products/shirts/Koton_shirt_white_1.png', '35.00', 'Koton White Shirt', '45.00', '1148', '20', '/images/products/shirts/Koton_shirt_white_2.png', 'S', '/images/products/shirts/Koton_shirt_white_3.png', '17'),
    ('150', 'Elegant Koton white shirt with black ribbon detail.', '/images/products/shirts/Koton_shirt_white_1.png', '35.00', 'Koton White Shirt', '45.00', '1148', '20', '/images/products/shirts/Koton_shirt_white_2.png', 'M', '/images/products/shirts/Koton_shirt_white_3.png', '17'),
    ('151', 'Elegant Koton white shirt with black ribbon detail.', '/images/products/shirts/Koton_shirt_white_1.png', '35.00', 'Koton White Shirt', '45.00', '1148', '20', '/images/products/shirts/Koton_shirt_white_2.png', 'L', '/images/products/shirts/Koton_shirt_white_3.png', '17'),
    ('152', 'Elegant Koton white shirt with black ribbon detail.', '/images/products/shirts/Koton_shirt_white_1.png', '35.00', 'Koton White Shirt', '45.00', '1148', '20', '/images/products/shirts/Koton_shirt_white_2.png', 'XL', '/images/products/shirts/Koton_shirt_white_3.png', '17'),
    ('153', 'Classic LC Waikiki blue shirt with a comfortable fit.', '/images/products/shirts/LC_waikiki_shirt_blue_1.png', '25.00', 'LC Waikiki Blue Shirt', '30.00', '1149', '20', '/images/products/shirts/LC_waikiki_shirt_blue_2.png', 'S', '/images/products/shirts/LC_waikiki_shirt_blue_3.png', '17'),
    ('154', 'Classic LC Waikiki blue shirt with a comfortable fit.', '/images/products/shirts/LC_waikiki_shirt_blue_1.png', '25.00', 'LC Waikiki Blue Shirt', '30.00', '1149', '20', '/images/products/shirts/LC_waikiki_shirt_blue_2.png', 'M', '/images/products/shirts/LC_waikiki_shirt_blue_3.png', '17'),
    ('155', 'Classic LC Waikiki blue shirt with a comfortable fit.', '/images/products/shirts/LC_waikiki_shirt_blue_1.png', '25.00', 'LC Waikiki Blue Shirt', '30.00', '1149', '20', '/images/products/shirts/LC_waikiki_shirt_blue_2.png', 'L', '/images/products/shirts/LC_waikiki_shirt_blue_3.png', '17'),
    ('156', 'Classic LC Waikiki blue shirt with a comfortable fit.', '/images/products/shirts/LC_waikiki_shirt_blue_1.png', '25.00', 'LC Waikiki Blue Shirt', '30.00', '1149', '20', '/images/products/shirts/LC_waikiki_shirt_blue_2.png', 'XL', '/images/products/shirts/LC_waikiki_shirt_blue_3.png', '17'),
    ('157', 'Refined Sir Raymond Tailor shirt for a smart look.', '/images/products/shirts/Sir_Raymond_Tailor_1.png', '40.00', 'Sir Raymond Tailor Shirt', '55.00', '1150', '20', '/images/products/shirts/Sir_Raymond_Tailor_2.png', 'S', '/images/products/shirts/Sir_Raymond_Tailor_3.png', '16'),
    ('158', 'Refined Sir Raymond Tailor shirt for a smart look.', '/images/products/shirts/Sir_Raymond_Tailor_1.png', '40.00', 'Sir Raymond Tailor Shirt', '55.00', '1150', '20', '/images/products/shirts/Sir_Raymond_Tailor_2.png', 'M', '/images/products/shirts/Sir_Raymond_Tailor_3.png', '16'),
    ('159', 'Refined Sir Raymond Tailor shirt for a smart look.', '/images/products/shirts/Sir_Raymond_Tailor_1.png', '40.00', 'Sir Raymond Tailor Shirt', '55.00', '1150', '20', '/images/products/shirts/Sir_Raymond_Tailor_2.png', 'L', '/images/products/shirts/Sir_Raymond_Tailor_3.png', '16'),
    ('160', 'Refined Sir Raymond Tailor shirt for a smart look.', '/images/products/shirts/Sir_Raymond_Tailor_1.png', '40.00', 'Sir Raymond Tailor Shirt', '55.00', '1150', '20', '/images/products/shirts/Sir_Raymond_Tailor_2.png', 'XL', '/images/products/shirts/Sir_Raymond_Tailor_3.png', '16'),
    ('161', 'Chic and trendy Trendyol shirt, perfect for casual outings.', '/images/products/shirts/Trendyol_1.png', '20.00', 'Trendyol Shirt', '28.00', '1151', '20', '/images/products/shirts/Trendyol_2.png', 'S', '/images/products/shirts/Trendyol_3.png', '16'),
    ('162', 'Chic and trendy Trendyol shirt, perfect for casual outings.', '/images/products/shirts/Trendyol_1.png', '20.00', 'Trendyol Shirt', '28.00', '1151', '20', '/images/products/shirts/Trendyol_2.png', 'M', '/images/products/shirts/Trendyol_3.png', '16'),
    ('163', 'Chic and trendy Trendyol shirt, perfect for casual outings.', '/images/products/shirts/Trendyol_1.png', '20.00', 'Trendyol Shirt', '28.00', '1151', '20', '/images/products/shirts/Trendyol_2.png', 'L', '/images/products/shirts/Trendyol_3.png', '16'),
    ('164', 'Chic and trendy Trendyol shirt, perfect for casual outings.', '/images/products/shirts/Trendyol_1.png', '20.00', 'Trendyol Shirt', '28.00', '1151', '20', '/images/products/shirts/Trendyol_2.png', 'XL', '/images/products/shirts/Trendyol_3.png', '16'),
    ('165', 'Classic Adidas Sportswear T-shirt in white.', '/images/products/T-shirts/adidas_Sportswear_1.png', '25.00', 'Adidas Sportswear T-Shirt', '30.00', '1152', '25', '/images/products/T-shirts/adidas_Sportswear_2.png', 'S', '', '13'),
    ('166', 'Classic Adidas Sportswear T-shirt in white.', '/images/products/T-shirts/adidas_Sportswear_1.png', '25.00', 'Adidas Sportswear T-Shirt', '30.00', '1152', '25', '/images/products/T-shirts/adidas_Sportswear_2.png', 'M', '', '13'),
    ('167', 'Classic Adidas Sportswear T-shirt in white.', '/images/products/T-shirts/adidas_Sportswear_1.png', '25.00', 'Adidas Sportswear T-Shirt', '30.00', '1152', '25', '/images/products/T-shirts/adidas_Sportswear_2.png', 'L', '', '13'),
    ('168', 'Classic Adidas Sportswear T-shirt in white.', '/images/products/T-shirts/adidas_Sportswear_1.png', '25.00', 'Adidas Sportswear T-Shirt', '30.00', '1152', '25', '/images/products/T-shirts/adidas_Sportswear_2.png', 'XL', '', '13'),
    ('169', 'Edgy AllSaints T-shirt with tiger graphic.', '/images/products/T-shirts/AllSaints_1.png', '45.00', 'AllSaints Tiger T-Shirt', '50.00', '1153', '15', '/images/products/T-shirts/AllSaints_2.png', 'S', '', '13'),
    ('170', 'Edgy AllSaints T-shirt with tiger graphic.', '/images/products/T-shirts/AllSaints_1.png', '45.00', 'AllSaints Tiger T-Shirt', '50.00', '1153', '15', '/images/products/T-shirts/AllSaints_2.png', 'M', '', '13'),
    ('171', 'Edgy AllSaints T-shirt with tiger graphic.', '/images/products/T-shirts/AllSaints_1.png', '45.00', 'AllSaints Tiger T-Shirt', '50.00', '1153', '15', '/images/products/T-shirts/AllSaints_2.png', 'L', '', '13'),
    ('172', 'Edgy AllSaints T-shirt with tiger graphic.', '/images/products/T-shirts/AllSaints_1.png', '45.00', 'AllSaints Tiger T-Shirt', '50.00', '1153', '15', '/images/products/T-shirts/AllSaints_2.png', 'XL', '', '13'),
    ('173', 'Sleek Calvin Klein Jeans T-shirt in white.', '/images/products/T-shirts/Calvin_Klein_Jeans_1.png', '35.00', 'Calvin Klein Jeans T-Shirt', '40.00', '1154', '30', '/images/products/T-shirts/Calvin_Klein_Jeans_2.png', 'S', '', '11'),
    ('174', 'Sleek Calvin Klein Jeans T-shirt in white.', '/images/products/T-shirts/Calvin_Klein_Jeans_1.png', '35.00', 'Calvin Klein Jeans T-Shirt', '40.00', '1154', '30', '/images/products/T-shirts/Calvin_Klein_Jeans_2.png', 'M', '', '11'),
    ('175', 'Sleek Calvin Klein Jeans T-shirt in white.', '/images/products/T-shirts/Calvin_Klein_Jeans_1.png', '35.00', 'Calvin Klein Jeans T-Shirt', '40.00', '1154', '30', '/images/products/T-shirts/Calvin_Klein_Jeans_2.png', 'L', '', '11'),
    ('176', 'Sleek Calvin Klein Jeans T-shirt in white.', '/images/products/T-shirts/Calvin_Klein_Jeans_1.png', '35.00', 'Calvin Klein Jeans T-Shirt', '40.00', '1154', '30', '/images/products/T-shirts/Calvin_Klein_Jeans_2.png', 'XL', '', '11'),
    ('177', 'Chic Guess T-shirt with graphic design.', '/images/products/T-shirts/Guess_women_1.png', '30.00', 'Guess Graphic T-Shirt', '35.00', '1155', '20', '/images/products/T-shirts/Guess_women_2.png', 'S', '/images/products/T-shirts/Guess_women_3.png', '11'),
    ('178', 'Chic Guess T-shirt with graphic design.', '/images/products/T-shirts/Guess_women_1.png', '30.00', 'Guess Graphic T-Shirt', '35.00', '1155', '20', '/images/products/T-shirts/Guess_women_2.png', 'M', '/images/products/T-shirts/Guess_women_3.png', '11'),
    ('179', 'Chic Guess T-shirt with graphic design.', '/images/products/T-shirts/Guess_women_1.png', '30.00', 'Guess Graphic T-Shirt', '35.00', '1155', '20', '/images/products/T-shirts/Guess_women_2.png', 'L', '/images/products/T-shirts/Guess_women_3.png', '11'),
    ('180', 'Chic Guess T-shirt with graphic design.', '/images/products/T-shirts/Guess_women_1.png', '30.00', 'Guess Graphic T-Shirt', '35.00', '1155', '20', '/images/products/T-shirts/Guess_women_2.png', 'XL', '/images/products/T-shirts/Guess_women_3.png', '11'),
    ('181', 'Versatile Puma t-shirt in black.', '/images/products/T-shirts/Puma_tshirt_black_short_1.png', '25.00', 'Puma Black T-Shirt', '30.00', '1156', '25', '/images/products/T-shirts/Puma_tshirt_black_short_2.png', 'S', '', '11'),
	('182', 'Versatile Puma t-shirt in black.', '/images/products/T-shirts/Puma_tshirt_black_short_1.png', '25.00', 'Puma Black T-Shirt', '30.00', '1156', '25', '/images/products/T-shirts/Puma_tshirt_black_short_2.png', 'M', '', '11'),
	('183', 'Versatile Puma t-shirt in black.', '/images/products/T-shirts/Puma_tshirt_black_short_1.png', '25.00', 'Puma Black T-Shirt', '30.00', '1156', '25', '/images/products/T-shirts/Puma_tshirt_black_short_2.png', 'L', '', '11'),
	('184', 'Versatile Puma t-shirt in black.', '/images/products/T-shirts/Puma_tshirt_black_short_1.png', '25.00', 'Puma Black T-Shirt', '30.00', '1156', '25', '/images/products/T-shirts/Puma_tshirt_black_short_2.png', 'XL', '', '11'),
	('185', 'Casual Puma t-shirt for women.', '/images/products/T-shirts/Puma_women_1.png', '25.00', 'Puma Womens T-Shirt', '30.00', '1157', '25', '/images/products/T-shirts/Puma_women_2.png', 'S', '/images/products/T-shirts/Puma_women_3.png', '11'),
	('186', 'Casual Puma t-shirt for women.', '/images/products/T-shirts/Puma_women_1.png', '25.00', 'Puma Womens T-Shirt', '30.00', '1157', '25', '/images/products/T-shirts/Puma_women_2.png', 'M', '/images/products/T-shirts/Puma_women_3.png', '11'),
	('187', 'Casual Puma t-shirt for women.', '/images/products/T-shirts/Puma_women_1.png', '25.00', 'Puma Womens T-Shirt', '30.00', '1157', '25', '/images/products/T-shirts/Puma_women_2.png', 'L', '/images/products/T-shirts/Puma_women_3.png', '11'),
	('188', 'Casual Puma t-shirt for women.', '/images/products/T-shirts/Puma_women_1.png', '25.00', 'Puma Womens T-Shirt', '30.00', '1157', '25', '/images/products/T-shirts/Puma_women_2.png', 'XL', '/images/products/T-shirts/Puma_women_3.png', '11'),
	('189', 'Classic Tommy Hilfiger blue t-shirt with logo.', '/images/products/T-shirts/Tommy_Hilfiger_women_blue_1.png', '40.00', 'Tommy Hilfiger Blue T-Shirt', '45.00', '1158', '20', '/images/products/T-shirts/Tommy_Hilfiger_women_blue_2.png', 'S', '/images/products/T-shirts/Tommy_Hilfiger_women_blue_3.png', '11'),
	('190', 'Classic Tommy Hilfiger blue t-shirt with logo.', '/images/products/T-shirts/Tommy_Hilfiger_women_blue_1.png', '40.00', 'Tommy Hilfiger Blue T-Shirt', '45.00', '1158', '20', '/images/products/T-shirts/Tommy_Hilfiger_women_blue_2.png', 'M', '/images/products/T-shirts/Tommy_Hilfiger_women_blue_3.png', '11'),
	('191', 'Classic Tommy Hilfiger blue t-shirt with logo.', '/images/products/T-shirts/Tommy_Hilfiger_women_blue_1.png', '40.00', 'Tommy Hilfiger Blue T-Shirt', '45.00', '1158', '20', '/images/products/T-shirts/Tommy_Hilfiger_women_blue_2.png', 'L', '/images/products/T-shirts/Tommy_Hilfiger_women_blue_3.png', '11'),
	('192', 'Classic Tommy Hilfiger blue t-shirt with logo.', '/images/products/T-shirts/Tommy_Hilfiger_women_blue_1.png', '40.00', 'Tommy Hilfiger Blue T-Shirt', '45.00', '1158', '20', '/images/products/T-shirts/Tommy_Hilfiger_women_blue_2.png', 'XL', '/images/products/T-shirts/Tommy_Hilfiger_women_blue_3.png', '11'),
	('193', 'Simple and elegant Tommy Hilfiger white t-shirt.', '/images/products/T-shirts/Tommy_Hilfiger_Tshirt_1.png', '40.00', 'Tommy Hilfiger White T-Shirt', '45.00', '1159', '20', '/images/products/T-shirts/Tommy_Hilfiger_Tshirt_2.png', 'S', '/images/products/T-shirts/Tommy_Hilfiger_Tshirt_3.png', '11'),
	('194', 'Simple and elegant Tommy Hilfiger white t-shirt.', '/images/products/T-shirts/Tommy_Hilfiger_Tshirt_1.png', '40.00', 'Tommy Hilfiger White T-Shirt', '45.00', '1159', '20', '/images/products/T-shirts/Tommy_Hilfiger_Tshirt_2.png', 'M', '/images/products/T-shirts/Tommy_Hilfiger_Tshirt_3.png', '11'),
	('195', 'Simple and elegant Tommy Hilfiger white t-shirt.', '/images/products/T-shirts/Tommy_Hilfiger_Tshirt_1.png', '40.00', 'Tommy Hilfiger White T-Shirt', '45.00', '1159', '20', '/images/products/T-shirts/Tommy_Hilfiger_Tshirt_2.png', 'L', '/images/products/T-shirts/Tommy_Hilfiger_Tshirt_3.png', '11'),
	('196', 'Simple and elegant Tommy Hilfiger white t-shirt.', '/images/products/T-shirts/Tommy_Hilfiger_Tshirt_1.png', '40.00', 'Tommy Hilfiger White T-Shirt', '45.00', '1159', '20', '/images/products/T-shirts/Tommy_Hilfiger_Tshirt_2.png', 'XL', '/images/products/T-shirts/Tommy_Hilfiger_Tshirt_3.png', '11');
